-4.064e-04,0.08,0.0076,608
-4.032e-04,0.08,0.0068,608
-4.000e-04,0.16,0.0068,608
-3.968e-04,0.48,0.0076,608
-3.936e-04,2.08,0.0068,608
-3.904e-04,1.12,0.0068,612
-3.872e-04,0.56,0.0068,608
-3.840e-04,0.24,0.0068,608
-3.808e-04,0.08,0.0068,612
-3.776e-04,0.08,0.0068,612
-3.744e-04,0,0.0076,612
-3.712e-04,0,0.0068,612
-3.680e-04,0,0.0068,612
-3.648e-04,0,0.0076,612
-3.616e-04,0,0.0068,612
-3.584e-04,0,0.0068,612
-3.552e-04,0,0.0068,612
-3.520e-04,0,0.0068,612
-3.488e-04,0,0.0068,612
-3.456e-04,0,0.0068,612
-3.424e-04,0,0.0068,616
-3.392e-04,0,0.0068,612
-3.360e-04,0,0.0068,612
-3.328e-04,0,0.0068,616
-3.296e-04,0,0.0068,616
-3.264e-04,0,0.0068,616
-3.232e-04,0,0.0068,616
-3.200e-04,0,0.0068,616
-3.168e-04,0,0.0068,616
-3.136e-04,0.08,0.0068,616
-3.104e-04,0.08,0.0068,616
-3.072e-04,0.08,0.0068,616
-3.040e-04,0.08,0.0068,616
-3.008e-04,0.08,0.0068,616
-2.976e-04,0.16,0.0068,616
-2.944e-04,0.48,0.0068,616
-2.912e-04,4.24,0.0068,616
-2.880e-04,2.4,0.0068,620
-2.848e-04,1.12,0.0068,616
-2.816e-04,0.56,0.0068,616
-2.784e-04,0.24,0.0068,620
-2.752e-04,0.08,0.0068,620
-2.720e-04,0.08,0.0068,620
-2.688e-04,0,0.0068,620
-2.656e-04,0,0.0068,620
-2.624e-04,0,0.0068,620
-2.592e-04,0,0.0068,620
-2.560e-04,0,0.0068,620
-2.528e-04,-0.08,0.0068,620
-2.496e-04,-0.08,0.0068,620
-2.464e-04,-0.08,0.0068,620
-2.432e-04,0,0.0068,620
-2.400e-04,0,0.0068,620
-2.368e-04,0,0.0068,620
-2.336e-04,-0.08,0.0068,624
-2.304e-04,0,0.0068,624
-2.272e-04,0,0.0068,624
-2.240e-04,0,0.0068,624
-2.208e-04,0,0.0068,624
-2.176e-04,0,0.0068,624
-2.144e-04,0,0.0068,624
-2.112e-04,0,0.0068,624
-2.080e-04,0,0.0068,624
-2.048e-04,0.08,0.0068,624
-2.016e-04,0.08,0.0068,624
-1.984e-04,0.16,0.0068,624
-1.952e-04,0.16,0.0068,624
-1.920e-04,0.32,0.0068,624
-1.888e-04,1.28,0.006,624
-1.856e-04,1.04,0.0068,624
-1.824e-04,0.48,0.0068,628
-1.792e-04,0.24,0.0068,624
-1.760e-04,0.08,0.0068,628
-1.728e-04,0,0.0068,628
-1.696e-04,0,0.0068,628
-1.664e-04,0,0.0068,628
-1.632e-04,0,0.0068,628
-1.600e-04,0,0.0068,628
-1.568e-04,0,0.0068,628
-1.536e-04,0,0.0068,628
-1.504e-04,0,0.0068,628
-1.472e-04,0,0.0068,628
-1.440e-04,0,0.0068,628
-1.408e-04,0,0.0068,628
-1.376e-04,-0.08,0.0068,628
-1.344e-04,0,0.0068,628
-1.312e-04,0,0.0068,632
-1.280e-04,0,0.0068,632
-1.248e-04,0,0.0068,632
-1.216e-04,0,0.0068,632
-1.184e-04,0,0.0068,632
-1.152e-04,0,0.0068,632
-1.120e-04,0,0.0068,632
-1.088e-04,0,0.0068,628
-1.056e-04,0.08,0.006,632
-1.024e-04,0.08,0.0068,632
-9.920e-05,0.08,0.006,632
-9.600e-05,0.16,0.0068,632
-9.280e-05,0.32,0.006,632
-8.960e-05,2.16,0.006,632
-8.640e-05,6.08,0.006,632
-8.320e-05,2.8,0.006,636
-8.000e-05,1.28,0.0068,636
-7.680e-05,0.64,0.0068,636
-7.360e-05,0.32,0.0068,636
-7.040e-05,0.16,0.0068,636
-6.720e-05,0.08,0.0068,636
-6.400e-05,0,0.0068,632
-6.080e-05,0,0.006,636
-5.760e-05,0,0.006,636
-5.440e-05,0,0.0068,636
-5.120e-05,-0.08,0.0068,636
-4.800e-05,0,0.006,636
-4.480e-05,0,0.0068,636
-4.160e-05,0,0.006,636
-3.840e-05,0,0.0068,636
-3.520e-05,0,0.0068,636
-3.200e-05,0,0.006,640
-2.880e-05,0,0.0068,640
-2.560e-05,0,0.0068,640
-2.240e-05,0,0.006,640
-1.920e-05,0,0.006,640
-1.600e-05,0,0.006,640
-1.280e-05,0,0.006,636
-9.600e-06,0,0.006,640
-6.400e-06,0,0.006,640
-3.200e-06,0.08,0.0068,640
1.037e-18,0.08,0.006,640
3.200e-06,0.08,0.006,640
6.400e-06,0.16,0.006,640
9.600e-06,0.24,0.006,644
1.280e-05,1.28,0.006,644
1.600e-05,1.52,0.006,644
1.920e-05,0.72,0.0068,644
2.240e-05,0.32,0.006,644
2.560e-05,0.16,0.0068,644
2.880e-05,0.08,0.006,644
3.200e-05,0,0.006,644
3.520e-05,0,0.006,644
3.840e-05,0,0.006,644
4.160e-05,0,0.006,644
4.480e-05,0,0.006,644
4.800e-05,0,0.0068,640
5.120e-05,0,0.006,644
5.440e-05,0,0.006,644
5.760e-05,0,0.006,648
6.080e-05,0,0.006,648
6.400e-05,0,0.006,644
6.720e-05,0,0.006,648
7.040e-05,0,0.006,648
7.360e-05,0,0.006,648
7.680e-05,0,0.006,648
8.000e-05,0,0.006,648
8.320e-05,0,0.006,648
8.640e-05,0,0.006,648
8.960e-05,0.08,0.006,648
9.280e-05,0.08,0.006,648
9.600e-05,0.08,0.006,648
9.920e-05,0.08,0.006,648
1.024e-04,0.08,0.006,648
1.056e-04,0.16,0.006,648
1.088e-04,0.24,0.006,648
1.120e-04,1.92,0.006,648
1.152e-04,3.12,0.006,648
1.184e-04,1.44,0.006,652
1.216e-04,0.72,0.006,652
1.248e-04,0.32,0.006,652
1.280e-04,0.16,0.006,652
1.312e-04,0.08,0.006,652
1.344e-04,0,0.006,652
1.376e-04,0,0.006,652
1.408e-04,0,0.006,652
1.440e-04,0,0.006,648
1.472e-04,0,0.006,652
1.504e-04,0,0.006,652
1.536e-04,0,0.006,652
1.568e-04,0,0.0052,652
1.600e-04,0,0.006,652
1.632e-04,0,0.006,652
1.664e-04,0,0.006,652
1.696e-04,0,0.006,652
1.728e-04,0,0.006,656
1.760e-04,0,0.006,652
1.792e-04,0,0.006,656
1.824e-04,0,0.006,656
1.856e-04,0,0.006,656
1.888e-04,0.08,0.006,656
1.920e-04,0,0.006,656
1.952e-04,0.08,0.006,656
1.984e-04,0,0.006,656
2.016e-04,0.08,0.006,656
2.048e-04,0.16,0.006,656
2.080e-04,0.32,0.006,656
2.112e-04,1.2,0.006,656
2.144e-04,1.12,0.006,656
2.176e-04,0.56,0.006,656
2.208e-04,0.24,0.006,660
2.240e-04,0.16,0.006,660
2.272e-04,0,0.006,656
2.304e-04,0,0.0052,660
2.336e-04,0,0.006,660
2.368e-04,0,0.006,660
2.400e-04,0,0.006,660
2.432e-04,0,0.006,660
2.464e-04,0,0.006,660
2.496e-04,0,0.006,660
2.528e-04,0,0.006,660
2.560e-04,0,0.006,660
2.592e-04,0,0.006,660
2.624e-04,0,0.006,660
2.656e-04,0,0.006,660
2.688e-04,0,0.006,664
2.720e-04,0,0.006,664
2.752e-04,0,0.006,664
2.784e-04,0,0.006,664
2.816e-04,0,0.006,664
2.848e-04,0,0.006,660
2.880e-04,0,0.006,664
2.912e-04,0,0.006,664
2.944e-04,0.08,0.006,664
2.976e-04,0.08,0.006,664
3.008e-04,0.08,0.006,664
3.040e-04,0.16,0.006,664
3.072e-04,0.4,0.0052,664
3.104e-04,6.24,0.006,668
3.136e-04,4.64,0.006,664
3.168e-04,2.16,0.006,664
3.200e-04,1.04,0.006,664
3.232e-04,0.48,0.006,668
3.264e-04,0.24,0.006,668
3.296e-04,0.08,0.006,668
3.328e-04,0,0.006,668
3.360e-04,0,0.006,668
3.392e-04,0,0.006,668
3.424e-04,0,0.006,668
3.456e-04,0,0.0052,668
3.488e-04,-0.08,0.0052,668
3.520e-04,0,0.006,668
3.552e-04,-0.08,0.006,668
3.584e-04,0,0.0052,668
3.616e-04,0,0.0052,668
3.648e-04,0,0.0052,672
3.680e-04,0,0.0052,672
3.712e-04,0,0.0052,672
3.744e-04,0,0.0052,672
3.776e-04,0,0.0052,672
3.808e-04,0,0.006,672
3.840e-04,0,0.006,672
3.872e-04,0,0.0052,672
3.904e-04,0.08,0.006,672
3.936e-04,0.08,0.0052,672
3.968e-04,0,0.0052,672
4.000e-04,0.08,0.006,672
4.032e-04,0.24,0.006,672
4.064e-04,0.56,0.0052,672
4.096e-04,1.76,0.0052,672
4.128e-04,0.88,0.0052,672
4.160e-04,0.4,0.0052,672
4.192e-04,0.16,0.006,676
4.224e-04,0.08,0.0052,676
4.256e-04,0,0.0052,672
4.288e-04,0,0.006,676
4.320e-04,0,0.0052,676
4.352e-04,0,0.006,676
4.384e-04,0,0.006,676
4.416e-04,0,0.006,676
4.448e-04,0,0.006,676
4.480e-04,0,0.0052,676
4.512e-04,0,0.0052,676
4.544e-04,0,0.0052,676
4.576e-04,0,0.0052,676
4.608e-04,0,0.0052,676
4.640e-04,0,0.0052,676
4.672e-04,0,0.0052,680
4.704e-04,0,0.006,680
4.736e-04,0,0.0052,680
4.768e-04,0,0.0052,680
4.800e-04,0,0.006,680
4.832e-04,0.08,0.0052,680
4.864e-04,0,0.0052,680
4.896e-04,0.08,0.006,680
4.928e-04,0.08,0.0052,680
4.960e-04,0.08,0.0052,680
4.992e-04,0.16,0.0052,680
5.024e-04,0.56,0.0052,680
5.056e-04,4.08,0.0052,680
5.088e-04,2.08,0.0052,680
5.120e-04,0.96,0.0052,684
5.152e-04,0.48,0.0052,680
5.184e-04,0.24,0.0052,680
5.216e-04,0.08,0.0052,684
5.248e-04,0,0.0052,684
5.280e-04,0,0.0052,684
5.312e-04,0,0.0052,680
5.344e-04,0,0.0052,680
5.376e-04,-0.08,0.0052,684
5.408e-04,0,0.0052,684
5.440e-04,0,0.0052,684
5.472e-04,0,0.0052,684
5.504e-04,0,0.0052,684
5.536e-04,0,0.0052,684
5.568e-04,0,0.0052,684
5.600e-04,0,0.0052,680
5.632e-04,0,0.0052,684
5.664e-04,0,0.0052,684
5.696e-04,0,0.0052,684
5.728e-04,0,0.0052,684
5.760e-04,0,0.0052,684
5.792e-04,0,0.0052,688
5.824e-04,0.08,0.0052,688
5.856e-04,0.08,0.0052,688
5.888e-04,0.08,0.0052,688
5.920e-04,0.08,0.0052,688
5.952e-04,0.16,0.0052,688
5.984e-04,0.32,0.0052,688
6.016e-04,1.2,0.0052,688
6.048e-04,0.96,0.0052,688
6.080e-04,0.48,0.0052,688
6.112e-04,0.24,0.0052,688
6.144e-04,0.08,0.0052,688
6.176e-04,0,0.0052,688
6.208e-04,0,0.0052,688
6.240e-04,0,0.0052,692
6.272e-04,-0.08,0.0052,692
6.304e-04,0,0.0052,692
6.336e-04,0,0.0052,692
6.368e-04,0,0.0044,692
6.400e-04,0,0.0052,692
6.432e-04,0,0.0052,692
6.464e-04,0,0.0052,692
6.496e-04,0,0.0052,692
6.528e-04,0,0.0052,696
6.560e-04,0,0.0052,692
6.592e-04,0,0.0052,692
6.624e-04,0,0.0052,692
6.656e-04,0,0.0052,692
6.688e-04,0,0.0044,692
6.720e-04,0,0.0052,696
6.752e-04,0,0.0052,696
6.784e-04,0,0.0052,696
6.816e-04,0,0.0052,692
6.848e-04,0,0.0052,696
6.880e-04,0.08,0.0052,696
6.912e-04,0.16,0.0044,696
6.944e-04,0.32,0.0052,696
6.976e-04,3.76,0.0052,696
7.008e-04,4.88,0.0044,696
7.040e-04,2.24,0.0044,696
7.072e-04,1.04,0.0052,696
7.104e-04,0.48,0.0052,696
7.136e-04,0.24,0.0052,696
7.168e-04,0.08,0.0052,696
7.200e-04,0,0.0044,696
7.232e-04,0,0.0052,696
7.264e-04,0,0.0052,696
7.296e-04,0,0.0044,696
7.328e-04,0,0.0052,700
7.360e-04,0,0.0052,700
7.392e-04,0,0.0052,700
7.424e-04,0,0.0052,700
7.456e-04,0,0.0052,700
7.488e-04,0,0.0052,700
7.520e-04,0,0.0052,700
7.552e-04,0,0.0044,700
7.584e-04,0,0.0052,700
7.616e-04,0,0.0052,700
7.648e-04,0,0.0052,700
7.680e-04,0,0.0044,704
7.712e-04,0,0.0052,700
7.744e-04,0,0.0052,700
7.776e-04,0.08,0.0044,700
7.808e-04,0.08,0.0052,704
7.840e-04,0.08,0.0052,700
7.872e-04,0.08,0.0052,704
7.904e-04,0.32,0.0052,704
7.936e-04,1.92,0.0052,704
7.968e-04,1.12,0.0044,704
8.000e-04,0.56,0.0052,704
8.032e-04,0.24,0.0052,704
8.064e-04,0.08,0.0052,704
8.096e-04,0,0.0044,704
8.128e-04,0,0.0044,704
8.160e-04,0,0.0044,704
8.192e-04,0,0.0044,704
8.224e-04,0,0.0044,708
8.256e-04,0,0.0052,708
8.288e-04,0,0.0044,704
8.320e-04,0,0.0044,708
8.352e-04,0,0.0052,708
8.384e-04,0,0.0044,708
8.416e-04,0,0.0052,708
8.448e-04,0,0.0044,708
8.480e-04,0,0.0044,708
8.512e-04,0,0.0044,708
8.544e-04,0,0.0044,708
8.576e-04,0,0.0044,708
8.608e-04,0,0.0044,708
8.640e-04,0,0.0044,704
8.672e-04,0,0.0044,708
8.704e-04,0.08,0.0044,708
8.736e-04,0.08,0.0044,712
8.768e-04,0.08,0.0044,708
8.800e-04,0.08,0.0052,708
8.832e-04,0.16,0.0052,708
8.864e-04,0.56,0.0044,712
8.896e-04,3.76,0.0044,708
8.928e-04,1.84,0.0044,712
8.960e-04,0.88,0.0052,712
8.992e-04,0.4,0.0044,712
9.024e-04,0.16,0.0044,712
9.056e-04,0.08,0.0044,712
9.088e-04,0,0.0044,712
9.120e-04,0,0.0044,712
9.152e-04,0,0.0044,712
9.184e-04,0,0.0044,712
9.216e-04,0,0.0044,712
9.248e-04,0,0.0044,712
9.280e-04,0,0.0044,716
9.312e-04,0,0.0044,716
9.344e-04,0,0.0044,716
9.376e-04,0,0.0044,716
9.408e-04,0,0.0044,716
9.440e-04,0,0.0044,716
9.472e-04,0,0.0044,716
9.504e-04,0,0.0044,716
9.536e-04,0,0.0044,716
9.568e-04,0,0.0044,716
9.600e-04,0,0.0044,716
9.632e-04,0,0.0044,716
9.664e-04,0.08,0.0044,716
9.696e-04,0.08,0.0044,716
9.728e-04,0.08,0.0044,716
9.760e-04,0.16,0.0044,716
9.792e-04,0.24,0.0044,720
9.824e-04,0.64,0.0044,716
9.856e-04,1.44,0.0044,720
9.888e-04,0.72,0.0044,720
9.920e-04,0.32,0.0044,720
9.952e-04,0.16,0.0044,720
9.984e-04,0.08,0.0044,720
1.002e-03,0,0.0052,720
1.005e-03,0,0.0044,720
1.008e-03,0,0.0044,720
1.011e-03,0,0.0044,720
1.014e-03,0,0.0044,720
1.018e-03,0,0.0044,720
1.021e-03,0,0.0044,720
1.024e-03,0,0.0044,720
1.027e-03,0,0.0044,720
1.030e-03,0,0.0044,720
1.034e-03,0,0.0044,724
1.037e-03,0,0.0044,724
1.040e-03,0,0.0044,724
1.043e-03,0,0.0044,724
1.046e-03,0,0.0044,720
1.050e-03,0,0.0044,724
1.053e-03,0,0.0044,724
1.056e-03,0,0.0044,724
1.059e-03,0,0.0044,724
1.062e-03,0.08,0.0044,724
1.066e-03,0.08,0.0044,724
1.069e-03,0.08,0.0044,724
1.072e-03,0.16,0.0044,724
1.075e-03,0.56,0.0044,720
1.078e-03,7.28,0.0036,724
1.082e-03,3.52,0.0044,724
1.085e-03,1.6,0.0044,724
1.088e-03,0.8,0.0044,728
1.091e-03,0.4,0.0036,728
1.094e-03,0.16,0.0044,728
1.098e-03,0.08,0.0044,728
1.101e-03,0,0.0036,728
1.104e-03,0,0.0044,728
1.107e-03,0,0.0044,728
1.110e-03,0,0.0044,728
1.114e-03,0,0.0044,728
1.117e-03,0,0.0044,728
1.120e-03,0,0.0044,728
1.123e-03,0,0.0044,728
1.126e-03,0,0.0044,728
1.130e-03,0,0.0044,728
1.133e-03,0,0.0044,732
1.136e-03,0,0.0044,732
1.139e-03,0,0.0044,732
1.142e-03,0,0.0044,728
1.146e-03,0,0.0044,732
1.149e-03,0,0.0044,732
1.152e-03,0.08,0.0044,732
1.155e-03,0,0.0044,732
1.158e-03,0.08,0.0044,732
1.162e-03,0.08,0.0044,732
1.165e-03,0.08,0.0036,732
1.168e-03,0.24,0.0036,732
1.171e-03,1.04,0.0044,732
1.174e-03,1.44,0.0044,732
1.178e-03,0.72,0.0044,732
1.181e-03,0.32,0.0044,732
1.184e-03,0.16,0.0044,736
1.187e-03,0,0.0036,732
1.190e-03,0,0.0044,732
1.194e-03,0,0.0044,732
1.197e-03,0,0.0044,736
1.200e-03,0,0.0036,736
1.203e-03,0,0.0036,736
1.206e-03,0,0.0036,736
1.210e-03,-0.08,0.0044,736
1.213e-03,0,0.0036,736
1.216e-03,0,0.0036,736
1.219e-03,0,0.0044,736
1.222e-03,0,0.0044,736
1.226e-03,0,0.0044,736
1.229e-03,0,0.0044,736
1.232e-03,0,0.0044,736
1.235e-03,0,0.0044,736
1.238e-03,0,0.0044,736
1.242e-03,0,0.0044,736
1.245e-03,0,0.0044,740
1.248e-03,0,0.0036,740
1.251e-03,0,0.0044,740
1.254e-03,0.08,0.0044,740
1.258e-03,0.16,0.0044,740
1.261e-03,0.16,0.0036,740
1.264e-03,0.8,0.0044,740
1.267e-03,3.6,0.0036,740
1.270e-03,1.68,0.0044,740
1.274e-03,0.8,0.0044,740
1.277e-03,0.32,0.0036,740
1.280e-03,0.16,0.0036,740
1.283e-03,0.08,0.0036,740
1.286e-03,0,0.0036,740
1.290e-03,0,0.0044,740
1.293e-03,0,0.0036,744
1.296e-03,0,0.0036,740
1.299e-03,0,0.0036,744
1.302e-03,0,0.0036,744
1.306e-03,0,0.0036,744
1.309e-03,-0.08,0.0036,744
1.312e-03,0,0.0036,744
1.315e-03,0,0.0044,744
1.318e-03,0,0.0036,744
1.322e-03,0,0.0044,744
1.325e-03,0,0.0036,744
1.328e-03,0,0.0036,744
1.331e-03,0,0.0036,748
1.334e-03,0,0.0036,748
1.338e-03,0,0.0036,748
1.341e-03,0,0.0036,748
1.344e-03,0.08,0.0036,748
1.347e-03,0.08,0.0036,748
1.350e-03,0.08,0.0036,748
1.354e-03,0.16,0.0036,748
1.357e-03,0.4,0.0036,748
1.360e-03,1.44,0.0036,748
1.363e-03,0.72,0.0036,748
1.366e-03,0.32,0.0044,748
1.370e-03,0.16,0.0036,748
1.373e-03,0.08,0.0036,748
1.376e-03,0,0.0036,748
1.379e-03,0,0.0036,748
1.382e-03,0,0.0036,748
1.386e-03,0,0.0036,748
1.389e-03,0,0.0036,752
1.392e-03,0,0.0036,748
1.395e-03,0,0.0036,748
1.398e-03,0,0.0036,752
1.402e-03,0,0.0036,752
1.405e-03,0,0.0036,752
1.408e-03,0,0.0036,752
1.411e-03,0,0.0036,752
1.414e-03,0,0.0036,752
1.418e-03,0,0.0036,752
1.421e-03,0,0.0036,752
1.424e-03,0,0.0036,752
1.427e-03,0,0.0036,752
1.430e-03,0,0.0036,752
1.434e-03,0,0.0036,752
1.437e-03,0.08,0.0036,752
1.440e-03,0.08,0.0036,752
1.443e-03,0.08,0.0028,756
1.446e-03,0.24,0.0036,756
1.450e-03,0.72,0.0036,752
1.453e-03,6.56,0.0036,756
1.456e-03,3.12,0.0036,756
1.459e-03,1.44,0.0028,756
1.462e-03,0.72,0.0028,756
1.466e-03,0.32,0.0028,752
1.469e-03,0.16,0.0028,756
1.472e-03,0,0.0028,756
1.475e-03,0,0.0028,756
1.478e-03,0,0.0028,756
1.482e-03,0,0.0028,756
1.485e-03,0,0.0028,756
1.488e-03,0,0.002,756
1.491e-03,0,0.0028,756
1.494e-03,0,0.002,760
1.498e-03,0,0.002,760
1.501e-03,0,0.002,760
1.504e-03,0,0.002,760
1.507e-03,0,0.002,760
1.510e-03,0,0.0012,760
1.514e-03,0,0.0012,756
1.517e-03,0,0.0012,760
1.520e-03,0,0.000399998,756
1.523e-03,0,0.000399998,760
1.526e-03,0.08,0.0012,760
1.530e-03,0.08,0.000399998,760
1.533e-03,0.08,0.000399998,760
1.536e-03,0.08,0.000399998,760
1.539e-03,0.16,-0.000400002,760
1.542e-03,0.32,-0.000400002,764
1.546e-03,1.92,-0.000400002,764
1.549e-03,1.04,-0.0012,760
1.552e-03,0.48,-0.0012,760
1.555e-03,0.24,-0.002,764
1.558e-03,0.08,-0.0012,764
1.562e-03,0,-0.0028,764
1.565e-03,0,-0.002,764
1.568e-03,0,-0.0028,764
1.571e-03,0,-0.0036,764
1.574e-03,0,-0.0036,764
1.578e-03,-0.08,-0.0036,764
1.581e-03,0,-0.0044,764
1.584e-03,0,-0.0052,764
1.587e-03,0,-0.0052,764
1.590e-03,0,-0.0052,764
1.594e-03,0,-0.0052,768
1.597e-03,0,-0.006,764
1.600e-03,0,-0.0068,768
1.603e-03,0,-0.0068,764
1.606e-03,0,-0.0068,768
1.610e-03,0,-0.0076,768
1.613e-03,0,-0.0076,768
1.616e-03,0,-0.0084,768
1.619e-03,0,-0.0084,768
1.622e-03,0,-0.0092,768
1.626e-03,0.08,-0.0092,772
1.629e-03,0.08,-0.0092,768
1.632e-03,0.16,-0.01,768
1.635e-03,0.56,-0.0108,772
1.638e-03,3.52,-0.0108,768
1.642e-03,1.68,-0.0108,768
1.645e-03,0.8,-0.0116,772
1.648e-03,0.4,-0.0116,772
1.651e-03,0.16,-0.0116,772
1.654e-03,0.08,-0.0116,772
1.658e-03,0,-0.0116,772
1.661e-03,0,-0.0116,772
1.664e-03,0,-0.0116,772
1.667e-03,0,-0.0116,772
1.670e-03,0,-0.0116,772
1.674e-03,0,-0.0116,772
1.677e-03,0,-0.0116,772
1.680e-03,0,-0.0116,772
1.683e-03,0,-0.0116,772
1.686e-03,0,-0.0108,776
1.690e-03,0,-0.0108,776
1.693e-03,0,-0.0108,776
1.696e-03,0,-0.01,772
1.699e-03,0,-0.01,776
1.702e-03,0,-0.01,776
1.706e-03,0,-0.01,776
1.709e-03,0,-0.01,776
1.712e-03,0.08,-0.0092,776
1.715e-03,0.08,-0.0092,776
1.718e-03,0.08,-0.0084,776
1.722e-03,0.08,-0.0084,776
1.725e-03,0.24,-0.0084,776
1.728e-03,0.72,-0.0076,776
1.731e-03,1.2,-0.0084,776
1.734e-03,0.64,-0.0076,776
1.738e-03,0.24,-0.0068,776
1.741e-03,0.16,-0.006,780
1.744e-03,0,-0.006,776
1.747e-03,0,-0.0068,780
1.750e-03,0,-0.006,780
1.754e-03,0,-0.006,780
1.757e-03,0,-0.006,780
1.760e-03,0,-0.006,780
1.763e-03,0,-0.0052,780
1.766e-03,0,-0.0052,780
1.770e-03,0,-0.0052,780
1.773e-03,-0.08,-0.0052,780
1.776e-03,0,-0.0052,780
1.779e-03,0,-0.0052,780
1.782e-03,0,-0.0052,776
1.786e-03,0,-0.0052,780
1.789e-03,0,-0.0052,780
1.792e-03,0,-0.0052,784
1.795e-03,0,-0.0052,784
1.798e-03,0,-0.0052,784
1.802e-03,0,-0.006,784
1.805e-03,0,-0.0068,784
1.808e-03,0.08,-0.006,780
1.811e-03,0.08,-0.0068,784
1.814e-03,0.16,-0.0068,784
1.818e-03,0.32,-0.0076,784
1.821e-03,4.08,-0.0076,784
1.824e-03,4.48,-0.0092,784
1.827e-03,2.08,-0.0092,784
1.830e-03,0.96,-0.0092,784
1.834e-03,0.48,-0.01,784
1.837e-03,0.24,-0.0108,788
1.840e-03,0.08,-0.0116,784
1.843e-03,0,-0.0132,784
1.846e-03,0,-0.014,788
1.850e-03,0,-0.0148,788
1.853e-03,0,-0.0156,788
1.856e-03,0,-0.0164,788
1.859e-03,0,-0.0172,788
1.862e-03,0,-0.0188,788
1.866e-03,0,-0.0196,788
1.869e-03,0,-0.0212,788
1.872e-03,0,-0.022,784
1.875e-03,0,-0.0236,788
1.878e-03,0,-0.0244,788
1.882e-03,0,-0.0252,788
1.885e-03,0,-0.0268,792
1.888e-03,0,-0.0292,792
1.891e-03,0,-0.03,792
1.894e-03,0,-0.0308,792
1.898e-03,0.08,-0.0324,792
1.901e-03,0.08,-0.0332,792
1.904e-03,0.08,-0.0348,792
1.907e-03,0.08,-0.0364,792
1.910e-03,0.24,-0.0372,792
1.914e-03,1.84,-0.0388,792
1.917e-03,1.04,-0.0396,792
1.920e-03,0.48,-0.0404,792
1.923e-03,0.24,-0.0412,792
1.926e-03,0.08,-0.042,792
1.930e-03,0.08,-0.0428,792
1.933e-03,0,-0.0428,792
1.936e-03,0,-0.0428,792
1.939e-03,0,-0.0436,792
1.942e-03,0,-0.0444,796
1.946e-03,0,-0.0444,792
1.949e-03,0,-0.0436,792
1.952e-03,0,-0.0428,792
1.955e-03,0,-0.0428,796
1.958e-03,0,-0.042,796
1.962e-03,0,-0.0412,796
1.965e-03,0,-0.0396,796
1.968e-03,0,-0.0388,796
1.971e-03,0,-0.038,796
1.974e-03,0,-0.0364,796
1.978e-03,0,-0.0356,796
1.981e-03,0,-0.034,796
1.984e-03,0,-0.0332,796
1.987e-03,0,-0.0316,796
1.990e-03,0.08,-0.0308,796
1.994e-03,0,-0.0292,800
1.997e-03,0.08,-0.0284,800
2.000e-03,0.24,-0.0268,796
2.003e-03,1.6,-0.0252,800
2.006e-03,2.72,-0.0244,800
2.010e-03,1.2,-0.0228,800
2.013e-03,0.56,-0.022,800
2.016e-03,0.32,-0.0212,800
2.019e-03,0.08,-0.0204,800
2.022e-03,0.08,-0.0188,800
2.026e-03,0,-0.018,800
2.029e-03,0,-0.0172,800
2.032e-03,0,-0.0164,800
2.035e-03,0,-0.0156,800
2.038e-03,0,-0.0156,800
2.042e-03,0,-0.014,804
2.045e-03,0,-0.014,800
2.048e-03,0,-0.0132,804
2.051e-03,-0.08,-0.0124,804
2.054e-03,0,-0.0116,804
2.058e-03,0,-0.0108,804
2.061e-03,0,-0.0108,800
2.064e-03,0,-0.01,804
2.067e-03,0,-0.0092,800
2.070e-03,0,-0.0092,804
2.074e-03,0,-0.0084,804
2.077e-03,0,-0.0084,804
2.080e-03,0.08,-0.0076,804
2.083e-03,0.08,-0.0076,804
2.086e-03,0.08,-0.0068,804
2.090e-03,0.08,-0.006,804
2.093e-03,0.32,-0.0068,804
2.096e-03,1.44,-0.006,804
2.099e-03,0.8,-0.006,804
2.102e-03,0.4,-0.0052,808
2.106e-03,0.16,-0.0052,808
2.109e-03,0.08,-0.0044,808
2.112e-03,0,-0.0052,808
2.115e-03,0,-0.0044,808
2.118e-03,0,-0.0036,808
2.122e-03,0,-0.0044,808
2.125e-03,0,-0.0036,808
2.128e-03,0,-0.0036,808
2.131e-03,0,-0.0028,808
2.134e-03,-0.08,-0.0028,808
2.138e-03,0,-0.0028,808
2.141e-03,0,-0.0028,808
2.144e-03,0,-0.002,808
2.147e-03,0,-0.002,808
2.150e-03,0,-0.002,808
2.154e-03,0,-0.002,808
2.157e-03,0,-0.0012,808
2.160e-03,0,-0.0012,812
2.163e-03,0,-0.0012,812
2.166e-03,0,-0.0012,812
2.170e-03,0.08,-0.0012,812
2.173e-03,0.08,-0.0012,812
2.176e-03,0.08,-0.000400002,812
2.179e-03,0.16,-0.000400002,812
2.182e-03,0.24,-0.000400002,812
2.186e-03,1.84,-0.0012,812
2.189e-03,4.96,-0.000400002,812
2.192e-03,2.32,-0.000400002,812
2.195e-03,1.12,-0.000400002,812
2.198e-03,0.48,0.000399998,812
2.202e-03,0.24,0.000399998,812
2.205e-03,0.08,-0.000400002,816
2.208e-03,0.08,0.000399998,816
2.211e-03,0,0.000399998,816
2.214e-03,0,0.000399998,816
2.218e-03,0,0.000399998,816
2.221e-03,0,0.000399998,816
2.224e-03,0,0.000399998,816
2.227e-03,0,0.0012,816
2.230e-03,0,0.0012,812
2.234e-03,0,0.0012,816
2.237e-03,0,0.000399998,816
2.240e-03,0,0.0012,816
2.243e-03,0,0.0012,816
2.246e-03,0,0.0012,816
2.250e-03,0,0.0012,816
2.253e-03,0,0.0012,816
2.256e-03,0,0.002,820
2.259e-03,0.08,0.0012,816
2.262e-03,0.08,0.0012,820
2.266e-03,0.08,0.002,820
2.269e-03,0.08,0.002,820
2.272e-03,0.16,0.002,820
2.275e-03,0.4,0.002,820
2.278e-03,1.68,0.002,820
2.282e-03,0.8,0.002,820
2.285e-03,0.32,0.002,820
2.288e-03,0.16,0.002,820
2.291e-03,0,0.002,820
2.294e-03,0,0.002,820
2.298e-03,0,0.002,820
2.301e-03,0,0.002,820
2.304e-03,0,0.002,820
2.307e-03,0,0.002,824
2.310e-03,-0.08,0.002,820
2.314e-03,0,0.002,824
2.317e-03,0,0.002,824
2.320e-03,0,0.002,824
2.323e-03,0,0.0028,824
2.326e-03,0,0.0028,820
2.330e-03,0,0.002,824
2.333e-03,0,0.002,824
2.336e-03,0,0.002,824
2.339e-03,0,0.0028,820
2.342e-03,0,0.0028,824
2.346e-03,0,0.0028,828
2.349e-03,0.08,0.002,824
2.352e-03,0.08,0.0028,824
2.355e-03,0.08,0.0028,828
2.358e-03,0.08,0.0028,828
2.362e-03,0.08,0.0028,828
2.365e-03,0.4,0.0028,828
2.368e-03,3.52,0.0028,828
2.371e-03,1.76,0.0028,828
2.374e-03,0.8,0.0028,828
2.378e-03,0.32,0.0028,828
2.381e-03,0.16,0.0028,828
2.384e-03,0.08,0.0028,828
2.387e-03,0,0.0028,828
2.390e-03,0,0.0028,828
2.394e-03,0,0.0028,828
2.397e-03,0,0.0028,828
2.400e-03,0,0.0028,828
2.403e-03,0,0.0028,832
2.406e-03,0,0.0028,832
2.410e-03,0,0.0028,832
2.413e-03,0,0.0028,832
2.416e-03,0,0.0028,832
2.419e-03,0,0.0028,832
2.422e-03,0,0.0028,832
2.426e-03,0,0.0028,832
2.429e-03,0,0.0028,832
2.432e-03,0,0.0028,832
2.435e-03,0,0.0028,832
2.438e-03,0,0.0028,832
2.442e-03,0.08,0.0028,832
2.445e-03,0.08,0.0028,832
2.448e-03,0.08,0.0028,832
2.451e-03,0.16,0.0028,832
2.454e-03,0.24,0.0028,832
2.458e-03,1.12,0.0028,832
2.461e-03,0.96,0.0028,832
2.464e-03,0.48,0.0028,836
2.467e-03,0.16,0.0028,836
2.470e-03,0.08,0.0028,836
2.474e-03,0,0.002,836
2.477e-03,0,0.002,836
2.480e-03,0,0.002,836
2.483e-03,-0.08,0.002,836
2.486e-03,0,0.002,836
2.490e-03,0,0.002,836
2.493e-03,0,0.0012,836
2.496e-03,-0.08,0.0012,836
2.499e-03,0,0.0012,836
2.502e-03,0,0.0012,840
2.506e-03,0,0.0012,836
2.509e-03,0,0.000399998,836
2.512e-03,0,0.000399998,840
2.515e-03,0,0.000399998,840
2.518e-03,0,-0.000400002,840
2.522e-03,0,-0.0012,840
2.525e-03,0,-0.0012,840
2.528e-03,0,-0.002,840
2.531e-03,0,-0.002,836
2.534e-03,0,-0.0028,840
2.538e-03,0.08,-0.0028,840
2.541e-03,0.16,-0.0036,840
2.544e-03,0.4,-0.0044,840
2.547e-03,6.4,-0.0052,840
2.550e-03,3.68,-0.006,840
2.554e-03,1.68,-0.0068,840
2.557e-03,0.8,-0.0076,844
2.560e-03,0.4,-0.0076,840
2.563e-03,0.16,-0.0092,844
2.566e-03,0,-0.0092,844
2.570e-03,0,-0.01,844
2.573e-03,0,-0.0108,844
2.576e-03,0,-0.0124,844
2.579e-03,0,-0.0132,844
2.582e-03,0,-0.0132,844
2.586e-03,0,-0.0148,844
2.589e-03,0,-0.0156,844
2.592e-03,0,-0.0172,844
2.595e-03,0,-0.0172,844
2.598e-03,0,-0.018,844
2.602e-03,0,-0.0188,844
2.605e-03,0,-0.0196,844
2.608e-03,0,-0.0204,844
2.611e-03,0,-0.0212,848
2.614e-03,0,-0.022,848
2.618e-03,0,-0.0228,848
2.621e-03,0,-0.0228,848
2.624e-03,0.08,-0.0228,848
2.627e-03,0.08,-0.0244,848
2.630e-03,0.16,-0.0244,848
2.634e-03,0.24,-0.0244,848
2.637e-03,1.76,-0.0244,848
2.640e-03,1.04,-0.0244,848
2.643e-03,0.48,-0.0252,848
2.646e-03,0.24,-0.0244,848
2.650e-03,0.08,-0.0244,848
2.653e-03,0.08,-0.0244,848
2.656e-03,0,-0.0244,848
2.659e-03,0,-0.0236,852
2.662e-03,0,-0.0236,852
2.666e-03,0,-0.0228,852
2.669e-03,0,-0.0228,852
2.672e-03,0,-0.022,852
2.675e-03,0,-0.0212,852
2.678e-03,0,-0.0204,852
2.682e-03,0,-0.0196,852
2.685e-03,0,-0.0196,852
2.688e-03,0,-0.0188,852
2.691e-03,0,-0.018,852
2.694e-03,0,-0.0172,852
2.698e-03,0,-0.0164,852
2.701e-03,0,-0.0164,852
2.704e-03,0,-0.0148,852
2.707e-03,0,-0.0148,852
2.710e-03,0.08,-0.014,852
2.714e-03,0.08,-0.014,852
2.717e-03,0.08,-0.0132,856
2.720e-03,0.16,-0.0124,856
2.723e-03,0.32,-0.0124,856
2.726e-03,3.52,-0.0116,856
2.730e-03,1.92,-0.0108,852
2.733e-03,0.96,-0.01,856
2.736e-03,0.48,-0.01,856
2.739e-03,0.16,-0.0092,856
2.742e-03,0.08,-0.0092,856
2.746e-03,0,-0.0084,856
2.749e-03,0,-0.0084,856
2.752e-03,0,-0.0076,856
2.755e-03,-0.08,-0.0076,856
2.758e-03,0,-0.0076,856
2.762e-03,0,-0.0068,856
2.765e-03,0,-0.0068,860
2.768e-03,0,-0.006,860
2.771e-03,0,-0.006,860
2.774e-03,0,-0.006,860
2.778e-03,0,-0.0052,860
2.781e-03,0,-0.0052,860
2.784e-03,0,-0.0052,860
2.787e-03,0,-0.0052,860
2.790e-03,0,-0.0044,860
2.794e-03,0,-0.0044,860
2.797e-03,0,-0.0044,860
2.800e-03,0,-0.0036,860
2.803e-03,0.08,-0.0036,864
2.806e-03,0.08,-0.0036,860
2.810e-03,0.16,-0.0036,860
2.813e-03,0.4,-0.0036,860
2.816e-03,1.36,-0.0036,864
2.819e-03,0.64,-0.0028,864
2.822e-03,0.32,-0.0028,864
2.826e-03,0.08,-0.002,864
2.829e-03,0.08,-0.002,864
2.832e-03,0,-0.0028,864
2.835e-03,0,-0.002,864
2.838e-03,0,-0.002,864
2.842e-03,0,-0.002,860
2.845e-03,0,-0.002,864
2.848e-03,0,-0.002,864
2.851e-03,0,-0.002,864
2.854e-03,0,-0.0012,864
2.858e-03,0,-0.0012,868
2.861e-03,0,-0.0012,864
2.864e-03,0,-0.0012,864
2.867e-03,0,-0.0012,868
2.870e-03,0,-0.0012,868
2.874e-03,-0.08,-0.000400002,868
2.877e-03,0,-0.0012,868
2.880e-03,0,-0.000400002,868
2.883e-03,0,-0.000400002,868
2.886e-03,0.08,-0.000400002,868
2.890e-03,0.08,-0.000400002,868
2.893e-03,0.08,-0.000400002,868
2.896e-03,0.16,-0.000400002,868
2.899e-03,0.32,-0.000400002,868
2.902e-03,3.6,-0.000400002,868
2.906e-03,4.32,-0.000400002,868
2.909e-03,2,0.000399998,868
2.912e-03,0.96,-0.000400002,872
2.915e-03,0.4,0.000399998,872
2.918e-03,0.16,0.000399998,872
2.922e-03,0.08,-0.000400002,872
2.925e-03,0.08,0.000399998,872
2.928e-03,0,0.000399998,872
2.931e-03,0,0.000399998,872
2.934e-03,0,0.000399998,872
2.938e-03,0,0.000399998,872
2.941e-03,0,0.000399998,872
2.944e-03,0,0.000399998,872
2.947e-03,0,0.0012,872
2.950e-03,0,0.000399998,872
2.954e-03,0,0.000399998,872
2.957e-03,0,0.000399998,876
2.960e-03,0,0.000399998,876
2.963e-03,0,0.000399998,872
2.966e-03,0,0.000399998,872
2.970e-03,0,0.000399998,872
2.973e-03,0,0.000399998,876
2.976e-03,0,0.000399998,876
2.979e-03,0.08,0.000399998,876
2.982e-03,0.08,0.0012,876
2.986e-03,0.08,0.0012,876
2.989e-03,0.24,0.0012,876
2.992e-03,1.68,0.0012,876
2.995e-03,1.04,0.000399998,876
2.998e-03,0.48,0.0012,876
3.002e-03,0.24,0.0012,876
3.005e-03,0.08,0.000399998,876
3.008e-03,0,0.0012,876
3.011e-03,0,0.0012,880
3.014e-03,0,0.0012,880
3.018e-03,-0.08,0.0012,880
3.021e-03,0,0.0012,880
3.024e-03,0,0.000399998,880
3.027e-03,0,0.0012,880
3.030e-03,0,0.0012,880
3.034e-03,0,0.0012,880
3.037e-03,0,0.0012,880
3.040e-03,0,0.0012,880
3.043e-03,0,0.0012,880
3.046e-03,0,0.0012,880
3.050e-03,0,0.0012,880
3.053e-03,0,0.000399998,880
3.056e-03,0,0.0012,884
3.059e-03,0,0.0012,880
3.062e-03,0,0.0012,884
3.066e-03,-0.08,0.0012,884
3.069e-03,0,0.0012,880
3.072e-03,0,0.0012,884
3.075e-03,0,0.0012,884
3.078e-03,0,0.0012,880
3.082e-03,0,0.0012,884
3.085e-03,-0.08,0.0012,884
3.088e-03,0,0.0012,884
3.091e-03,0,0.000399998,884
3.094e-03,0,0.0012,884
3.098e-03,0.08,0.0012,884
3.101e-03,0.08,0.0012,884
3.104e-03,0.08,0.0012,884
3.107e-03,0.24,0.0012,884
3.110e-03,1.44,0.0012,888
3.114e-03,1.04,0.0012,888
3.117e-03,0.48,0.000399998,884
3.120e-03,0.24,0.0012,888
3.123e-03,0.08,0.0012,888
3.126e-03,0.08,0.0012,888
3.130e-03,0.08,0.0012,888
3.133e-03,0,0.000399998,888
3.136e-03,0,0.0012,888
3.139e-03,0,0.0012,888
3.142e-03,0,0.0012,888
3.146e-03,0,0.0012,888
3.149e-03,0,0.000399998,888
3.152e-03,0,0.0012,888
3.155e-03,0,0.0012,888
3.158e-03,0,0.0012,888
3.162e-03,0,0.0012,892
3.165e-03,0,0.0012,892
3.168e-03,0,0.000399998,888
3.171e-03,0,0.0012,892
3.174e-03,0,0.0012,892
3.178e-03,0,0.0012,892
3.181e-03,0,0.000399998,892
3.184e-03,0.08,0.0012,892
3.187e-03,0.08,0.0012,892
3.190e-03,0.08,0.0012,892
3.194e-03,0.16,0.000399998,892
3.197e-03,0.32,0.0012,892
3.200e-03,3.04,0.000399998,892
3.203e-03,2.24,0.0012,892
3.206e-03,1.04,0.0012,892
3.210e-03,0.48,0.000399998,892
3.213e-03,0.24,0.000399998,896
3.216e-03,0.08,0.0012,892
3.219e-03,0,0.0012,896
3.222e-03,0,0.000399998,892
3.226e-03,0,0.000399998,896
3.229e-03,0,0.0012,896
3.232e-03,0,0.000399998,896
3.235e-03,0,0.000399998,896
3.238e-03,0,0.000399998,896
3.242e-03,0,0.000399998,896
3.245e-03,0,0.000399998,896
3.248e-03,0,0.000399998,896
3.251e-03,0,0.000399998,896
3.254e-03,0,0.0012,896
3.258e-03,0,0.000399998,900
3.261e-03,0,0.000399998,900
3.264e-03,0,0.000399998,896
3.267e-03,0,0.0012,900
3.270e-03,0,0.0012,896
3.274e-03,0,0.000399998,900
3.277e-03,0.08,0.000399998,900
3.280e-03,0.08,0.0012,900
3.283e-03,0.16,0.000399998,900
3.286e-03,0.32,0.000399998,900
3.290e-03,1.36,0.000399998,900
3.293e-03,0.72,0.000399998,900
3.296e-03,0.32,0.000399998,896
3.299e-03,0.08,0.000399998,900
3.302e-03,0.08,0.000399998,904
3.306e-03,0,0.000399998,900
3.309e-03,0,-0.000400002,904
3.312e-03,0,-0.000400002,904
3.315e-03,0,-0.000400002,900
3.318e-03,0,-0.000400002,904
3.322e-03,0,-0.000400002,904
3.325e-03,0,-0.000400002,904
3.328e-03,0,-0.0012,904
3.331e-03,0,-0.000400002,904
3.334e-03,0,-0.002,904
3.338e-03,-0.08,-0.002,904
3.341e-03,0,-0.002,904
3.344e-03,0,-0.002,904
3.347e-03,0,-0.0028,904
3.350e-03,0,-0.0028,904
3.354e-03,0,-0.0036,904
3.357e-03,0,-0.0044,904
3.360e-03,0,-0.0044,904
3.363e-03,0,-0.0044,904
3.366e-03,0,-0.0052,904
3.370e-03,0.08,-0.006,908
3.373e-03,0.16,-0.0068,904
3.376e-03,0.56,-0.0076,904
3.379e-03,6,-0.0084,904
3.382e-03,2.88,-0.0084,908
3.386e-03,1.28,-0.0092,908
3.389e-03,0.64,-0.01,908
3.392e-03,0.32,-0.0108,908
3.395e-03,0.08,-0.0116,904
3.398e-03,0.08,-0.0132,908
3.402e-03,0,-0.014,908
3.405e-03,0,-0.0148,908
3.408e-03,0,-0.0156,908
3.411e-03,0,-0.0164,908
3.414e-03,0,-0.0172,908
3.418e-03,0,-0.018,912
3.421e-03,0,-0.0188,912
3.424e-03,0,-0.0204,912
3.427e-03,-0.08,-0.0212,912
3.430e-03,0,-0.022,908
3.434e-03,0,-0.0228,912
3.437e-03,0,-0.0236,912
3.440e-03,0,-0.0244,912
3.443e-03,0,-0.0252,912
3.446e-03,0,-0.0252,912
3.450e-03,0.08,-0.026,912
3.453e-03,0.08,-0.0268,912
3.456e-03,0.08,-0.0276,912
3.459e-03,0.08,-0.0276,916
3.462e-03,0.16,-0.0284,912
3.466e-03,0.88,-0.0284,916
3.469e-03,1.2,-0.0292,916
3.472e-03,0.64,-0.0292,912
3.475e-03,0.32,-0.0292,916
3.478e-03,0.16,-0.0284,916
3.482e-03,0.08,-0.0284,912
3.485e-03,0,-0.0284,916
3.488e-03,0,-0.0276,916
3.491e-03,0,-0.0276,916
3.494e-03,0,-0.0268,916
3.498e-03,0,-0.0268,916
3.501e-03,0,-0.026,916
3.504e-03,0,-0.0252,916
3.507e-03,0,-0.0244,916
3.510e-03,0,-0.0236,916
3.514e-03,0,-0.0228,920
3.517e-03,0,-0.022,920
3.520e-03,0,-0.0212,916
3.523e-03,0,-0.0212,920
3.526e-03,0,-0.0196,916
3.530e-03,0,-0.0196,920
3.533e-03,0.08,-0.018,920
3.536e-03,0.08,-0.018,916
3.539e-03,0,-0.0172,920
3.542e-03,0.08,-0.0164,920
3.546e-03,0.08,-0.0164,920
3.549e-03,0.16,-0.0156,920
3.552e-03,0.64,-0.0148,920
3.555e-03,2.96,-0.014,920
3.558e-03,1.44,-0.0132,920
3.562e-03,0.64,-0.0132,920
3.565e-03,0.32,-0.0124,920
3.568e-03,0.16,-0.0124,920
3.571e-03,0,-0.0116,924
3.574e-03,0,-0.0116,924
3.578e-03,0,-0.0108,920
3.581e-03,0,-0.0108,924
3.584e-03,0,-0.01,924
3.587e-03,0,-0.0092,924
3.590e-03,0,-0.0092,924
3.594e-03,0,-0.0092,924
3.597e-03,0,-0.0092,924
3.600e-03,0,-0.0084,924
3.603e-03,0,-0.0084,924
3.606e-03,0,-0.0076,924
3.610e-03,0,-0.0076,924
3.613e-03,-0.08,-0.0076,924
3.616e-03,0,-0.0076,928
3.619e-03,0,-0.0068,928
3.622e-03,0,-0.0076,928
3.626e-03,0.08,-0.0068,928
3.629e-03,0,-0.0068,928
3.632e-03,0.08,-0.006,928
3.635e-03,0.16,-0.006,928
3.638e-03,0.16,-0.006,928
3.642e-03,0.96,-0.0052,928
3.645e-03,0.88,-0.0052,928
3.648e-03,0.4,-0.0052,928
3.651e-03,0.16,-0.006,928
3.654e-03,0.08,-0.006,932
3.658e-03,0,-0.0044,928
3.661e-03,-0.08,-0.0052,928
3.664e-03,0,-0.0044,932
3.667e-03,0,-0.0044,932
3.670e-03,0,-0.0044,928
3.674e-03,0,-0.0044,932
3.677e-03,0,-0.0044,932
3.680e-03,0,-0.0036,932
3.683e-03,0,-0.0036,932
3.686e-03,-0.08,-0.0036,932
3.690e-03,0,-0.0036,932
3.693e-03,0,-0.0036,932
3.696e-03,-0.08,-0.0036,932
3.699e-03,0,-0.0036,932
3.702e-03,0,-0.0036,932
3.706e-03,0,-0.0036,932
3.709e-03,0,-0.0028,932
3.712e-03,0,-0.0028,932
3.715e-03,0,-0.0028,936
3.718e-03,0.08,-0.0028,932
3.722e-03,0.08,-0.0028,936
3.725e-03,0.24,-0.0028,936
3.728e-03,1.2,-0.0028,936
3.731e-03,4.72,-0.0028,936
3.734e-03,2.16,-0.002,936
3.738e-03,1.04,-0.002,936
3.741e-03,0.48,-0.0028,936
3.744e-03,0.24,-0.002,932
3.747e-03,0.08,-0.002,936
3.750e-03,0,-0.002,936
3.754e-03,0,-0.002,936
3.757e-03,0,-0.002,936
3.760e-03,0,-0.002,936
3.763e-03,0,-0.002,940
3.766e-03,0,-0.002,936
3.770e-03,0,-0.002,940
3.773e-03,0,-0.002,940
3.776e-03,0,-0.002,940
3.779e-03,0,-0.002,940
3.782e-03,0,-0.002,940
3.786e-03,0,-0.0012,940
3.789e-03,0,-0.002,940
3.792e-03,0,-0.002,940
3.795e-03,0,-0.0012,940
3.798e-03,0.08,-0.0012,940
3.802e-03,0,-0.0012,940
3.805e-03,0,-0.0012,940
3.808e-03,0.08,-0.0012,940
3.811e-03,0.16,-0.0012,940
3.814e-03,0.32,-0.0012,944
3.818e-03,1.6,-0.0012,940
3.821e-03,0.8,-0.0012,940
3.824e-03,0.4,-0.0012,944
3.827e-03,0.16,-0.002,944
3.830e-03,0.08,-0.0012,940
3.834e-03,0,-0.0012,944
3.837e-03,0,-0.0012,944
3.840e-03,0,-0.0012,940
3.843e-03,0,-0.0012,944
3.846e-03,0,-0.0012,944
3.850e-03,0,-0.002,944
3.853e-03,0,-0.0012,944
3.856e-03,0,-0.0012,944
3.859e-03,0,-0.0012,944
3.862e-03,0,-0.0012,944
3.866e-03,-0.08,-0.0012,948
3.869e-03,0,-0.0012,944
3.872e-03,0,-0.0012,944
3.875e-03,0,-0.0012,944
3.878e-03,0,-0.0012,948
3.882e-03,0,-0.0012,948
3.885e-03,0,-0.0012,948
3.888e-03,0,-0.0012,948
3.891e-03,0.08,-0.0012,944
3.894e-03,0.08,-0.0012,948
3.898e-03,0.08,-0.0012,948
3.901e-03,0.16,-0.002,948
3.904e-03,0.32,-0.002,948
3.907e-03,2,-0.0012,948
3.910e-03,3.52,-0.002,948
3.914e-03,1.68,-0.0012,948
3.917e-03,0.8,-0.0012,948
3.920e-03,0.4,-0.002,948
3.923e-03,0.16,-0.002,948
3.926e-03,0.08,-0.002,948
3.930e-03,0,-0.002,948
3.933e-03,0,-0.002,948
3.936e-03,0,-0.002,948
3.939e-03,0,-0.0028,948
3.942e-03,0,-0.002,948
3.946e-03,0,-0.002,948
3.949e-03,0,-0.002,944
3.952e-03,0,-0.002,948
3.955e-03,0,-0.0028,948
3.958e-03,0,-0.002,948
3.962e-03,0,-0.002,948
3.965e-03,0,-0.0028,948
3.968e-03,0,-0.002,948
3.971e-03,0,-0.0028,948
3.974e-03,0,-0.0028,948
3.978e-03,0,-0.002,948
3.981e-03,0,-0.002,948
3.984e-03,-0.08,-0.002,944
3.987e-03,0,-0.002,948
3.990e-03,0,-0.002,948
3.994e-03,0.4,-0.0028,948
3.997e-03,4.08,-0.002,948
4.000e-03,2.48,-0.002,948
4.003e-03,1.28,-0.002,948
4.006e-03,0.72,-0.002,944
4.010e-03,0.4,-0.002,944
4.013e-03,0.24,-0.002,944
4.016e-03,0.16,-0.002,944
4.019e-03,0.08,-0.002,944
4.022e-03,0.08,-0.002,940
4.026e-03,0.08,-0.002,940
4.029e-03,0,-0.002,944
4.032e-03,0,-0.002,944
4.035e-03,0,-0.002,944
4.038e-03,0,-0.002,944
4.042e-03,0,-0.002,944
4.045e-03,0,-0.002,940
4.048e-03,0,-0.0012,940
4.051e-03,0,-0.0012,940
4.054e-03,0,-0.0012,940
4.058e-03,0,-0.0012,940
4.061e-03,0,-0.0012,940
4.064e-03,0,-0.0012,940
4.067e-03,0,-0.0012,940
4.070e-03,0,-0.0012,940
4.074e-03,0,-0.0012,936
4.077e-03,-0.08,-0.002,940
4.080e-03,-0.08,-0.0012,940
4.083e-03,0,-0.0012,940
4.086e-03,0,-0.0012,936
4.090e-03,0,-0.0012,936
4.093e-03,1.28,-0.0012,936
4.096e-03,1.12,-0.0012,936
4.099e-03,0.64,-0.0012,936
4.102e-03,0.4,-0.0012,936
4.106e-03,0.24,-0.0012,936
4.109e-03,0.08,-0.0012,936
4.112e-03,0.08,-0.0012,936
4.115e-03,0.08,-0.0012,936
4.118e-03,0,-0.0012,936
4.122e-03,0,-0.0012,932
4.125e-03,0,-0.0012,936
4.128e-03,0,-0.0012,932
4.131e-03,0,-0.0012,932
4.134e-03,0,-0.0012,932
4.138e-03,0,-0.0012,932
4.141e-03,0,-0.0012,932
4.144e-03,0,-0.000400002,932
4.147e-03,0,-0.000400002,932
4.150e-03,0,-0.000400002,932
4.154e-03,0,-0.0012,932
4.157e-03,0,-0.0012,932
4.160e-03,0,-0.0012,928
4.163e-03,0,-0.000400002,928
4.166e-03,0,-0.0012,928
4.170e-03,0,-0.0012,924
4.173e-03,0,-0.0012,928
4.176e-03,0,-0.0012,928
4.179e-03,5.36,-0.000400002,928
4.182e-03,3.6,-0.000400002,928
4.186e-03,1.84,-0.0012,928
4.189e-03,0.88,-0.0012,928
4.192e-03,0.48,-0.000400002,928
4.195e-03,0.24,-0.000400002,928
4.198e-03,0.16,-0.000400002,924
4.202e-03,0.08,-0.000400002,924
4.205e-03,0.08,-0.000400002,924
4.208e-03,0,-0.000400002,924
4.211e-03,0,-0.000400002,924
4.214e-03,0,-0.000400002,924
4.218e-03,0,-0.000400002,924
4.221e-03,0,-0.000400002,924
4.224e-03,0,-0.000400002,924
4.227e-03,0,-0.000400002,924
4.230e-03,0,-0.000400002,924
4.234e-03,0,-0.000400002,924
4.237e-03,0,-0.000400002,924
4.240e-03,0,-0.000400002,924
4.243e-03,0,-0.000400002,924
4.246e-03,-0.08,-0.000400002,924
4.250e-03,0,-0.000400002,920
4.253e-03,0,-0.000400002,920
4.256e-03,0,-0.000400002,920
4.259e-03,0,-0.000400002,924
4.262e-03,0,-0.000400002,920
4.266e-03,0,-0.000400002,920
4.269e-03,0,-0.000400002,920
4.272e-03,0,-0.000400002,920
4.275e-03,0,-0.000400002,920
4.278e-03,-0.08,-0.000400002,920
4.282e-03,0,-0.000400002,920
4.285e-03,0,-0.000400002,920
4.288e-03,0.24,-0.000400002,916
4.291e-03,1.36,-0.000400002,916
4.294e-03,1.04,-0.000400002,916
4.298e-03,0.64,-0.000400002,920
4.301e-03,0.4,-0.000400002,920
4.304e-03,0.24,-0.000400002,920
4.307e-03,0.08,0.000399998,916
4.310e-03,0.08,-0.000400002,916
4.314e-03,0.08,-0.000400002,916
4.317e-03,0.08,-0.000400002,916
4.320e-03,0.08,-0.000400002,916
4.323e-03,0,-0.000400002,916
4.326e-03,0,-0.000400002,916
4.330e-03,0,-0.000400002,916
4.333e-03,0,-0.000400002,916
4.336e-03,0,-0.000400002,916
4.339e-03,0,-0.000400002,916
4.342e-03,0,-0.000400002,916
4.346e-03,0,0.000399998,916
4.349e-03,0,-0.000400002,912
4.352e-03,0,0.000399998,916
4.355e-03,0,-0.000400002,916
4.358e-03,0,-0.000400002,912
4.362e-03,0,-0.000400002,912
4.365e-03,0,-0.000400002,912
4.368e-03,0,-0.000400002,912
4.371e-03,0,-0.000400002,912
4.374e-03,0,-0.000400002,912
4.378e-03,0,-0.000400002,912
4.381e-03,0,-0.000400002,912
4.384e-03,-0.08,-0.000400002,912
4.387e-03,0,-0.000400002,912
4.390e-03,0,-0.0012,912
4.394e-03,0,-0.000400002,912
4.397e-03,0,-0.000400002,912
4.400e-03,0,-0.000400002,912
4.403e-03,0.16,-0.0012,908
4.406e-03,3.84,-0.000400002,912
4.410e-03,2.72,-0.0012,912
4.413e-03,1.36,-0.0012,908
4.416e-03,0.72,-0.002,908
4.419e-03,0.4,-0.0012,908
4.422e-03,0.24,-0.002,908
4.426e-03,0.16,-0.002,908
4.429e-03,0.16,-0.002,908
4.432e-03,0.08,-0.002,908
4.435e-03,0.08,-0.002,908
4.438e-03,0.08,-0.002,908
4.442e-03,0.08,-0.0028,908
4.445e-03,0.08,-0.0028,908
4.448e-03,0,-0.0036,908
4.451e-03,0,-0.0036,908
4.454e-03,0,-0.0036,908
4.458e-03,0,-0.0044,904
4.461e-03,0,-0.0052,908
4.464e-03,0,-0.0052,904
4.467e-03,0,-0.0052,904
4.470e-03,0,-0.006,904
4.474e-03,0,-0.0068,904
4.477e-03,0,-0.0068,904
4.480e-03,0,-0.0068,904
4.483e-03,0,-0.0084,904
4.486e-03,0,-0.0084,904
4.490e-03,0,-0.0092,904
4.493e-03,0,-0.01,904
4.496e-03,-0.08,-0.01,904
4.499e-03,0,-0.0108,904
4.502e-03,0,-0.0116,904
4.506e-03,0,-0.0124,900
4.509e-03,0,-0.0132,900
4.512e-03,0.56,-0.014,904
4.515e-03,1.6,-0.0148,900
4.518e-03,0.96,-0.0148,900
4.522e-03,0.56,-0.0156,904
4.525e-03,0.24,-0.0164,900
4.528e-03,0.16,-0.0172,900
4.531e-03,0.08,-0.018,900
4.534e-03,0.08,-0.0188,896
4.538e-03,0.08,-0.0188,900
4.541e-03,0.08,-0.0196,900
4.544e-03,0,-0.0204,900
4.547e-03,0,-0.0204,900
4.550e-03,0,-0.0212,900
4.554e-03,0,-0.022,900
4.557e-03,0,-0.022,900
4.560e-03,-0.08,-0.0228,896
4.563e-03,0,-0.0228,900
4.566e-03,-0.08,-0.0236,896
4.570e-03,0,-0.0236,892
4.573e-03,0,-0.0244,896
4.576e-03,0,-0.0244,896
4.579e-03,0,-0.0244,896
4.582e-03,-0.08,-0.0244,896
4.586e-03,0,-0.0244,896
4.589e-03,0,-0.0244,896
4.592e-03,0,-0.0244,896
4.595e-03,-0.08,-0.0244,892
4.598e-03,0,-0.0244,896
4.602e-03,0,-0.0236,892
4.605e-03,0,-0.0236,896
4.608e-03,0,-0.0236,896
4.611e-03,0,-0.0228,892
4.614e-03,0,-0.0228,892
4.618e-03,0.16,-0.0228,888
4.621e-03,6.8,-0.022,892
4.624e-03,3.68,-0.022,892
4.627e-03,1.84,-0.0212,892
4.630e-03,0.96,-0.0204,892
4.634e-03,0.48,-0.0196,892
4.637e-03,0.32,-0.0188,888
4.640e-03,0.16,-0.0188,892
4.643e-03,0.08,-0.0188,892
4.646e-03,0,-0.0172,892
4.650e-03,0.08,-0.0172,892
4.653e-03,0,-0.0164,888
4.656e-03,0,-0.0156,888
4.659e-03,0,-0.0148,892
4.662e-03,0,-0.0148,892
4.666e-03,0,-0.0148,888
4.669e-03,0,-0.0132,888
4.672e-03,0,-0.0132,888
4.675e-03,0,-0.0124,888
4.678e-03,0,-0.0124,888
4.682e-03,0,-0.0116,888
4.685e-03,0,-0.0116,888
4.688e-03,0,-0.0108,888
4.691e-03,0,-0.01,888
4.694e-03,0,-0.01,888
4.698e-03,0,-0.01,888
4.701e-03,0,-0.0092,888
4.704e-03,0,-0.0092,888
4.707e-03,0,-0.0084,888
4.710e-03,0,-0.0084,884
4.714e-03,0,-0.0076,884
4.717e-03,0,-0.0076,884
4.720e-03,0,-0.0076,884
4.723e-03,0.88,-0.0068,884
4.726e-03,1.2,-0.0068,884
4.730e-03,0.8,-0.0068,884
4.733e-03,0.4,-0.006,884
4.736e-03,0.24,-0.006,884
4.739e-03,0.16,-0.006,884
4.742e-03,0.16,-0.0052,884
4.746e-03,0.08,-0.0052,884
4.749e-03,0.08,-0.0052,880
4.752e-03,0,-0.0052,884
4.755e-03,0,-0.0052,884
4.758e-03,0.08,-0.0044,884
4.762e-03,0,-0.0044,880
4.765e-03,0,-0.0044,880
4.768e-03,0,-0.0036,880
4.771e-03,0,-0.0036,880
4.774e-03,0,-0.0036,880
4.778e-03,0,-0.0036,880
4.781e-03,0,-0.0036,880
4.784e-03,0,-0.0028,880
4.787e-03,0,-0.0028,880
4.790e-03,0,-0.0028,876
4.794e-03,0,-0.0028,880
4.797e-03,0,-0.002,880
4.800e-03,-0.08,-0.0028,880
4.803e-03,0,-0.002,876
4.806e-03,0,-0.002,876
4.810e-03,0,-0.002,876
4.813e-03,0,-0.002,876
4.816e-03,0,-0.002,876
4.819e-03,0,-0.0012,876
4.822e-03,0,-0.0012,876
4.826e-03,1.36,-0.0012,876
4.829e-03,3.12,-0.0012,876
4.832e-03,1.68,-0.0012,876
4.835e-03,0.88,-0.0012,876
4.838e-03,0.48,-0.0012,876
4.842e-03,0.24,-0.0012,876
4.845e-03,0.16,-0.000400002,876
4.848e-03,0.08,-0.000400002,876
4.851e-03,0.08,-0.000400002,876
4.854e-03,0.08,-0.000400002,876
4.858e-03,0.08,-0.000400002,876
4.861e-03,0,-0.000400002,876
4.864e-03,0,-0.000400002,872
4.867e-03,0,-0.000400002,872
4.870e-03,0,-0.000400002,872
4.874e-03,0,-0.000400002,872
4.877e-03,0,-0.000400002,872
4.880e-03,0,0.000399998,872
4.883e-03,0,-0.000400002,868
4.886e-03,0,-0.000400002,872
4.890e-03,0,0.000399998,872
4.893e-03,0,0.000399998,872
4.896e-03,0,0.000399998,872
4.899e-03,0,0.000399998,872
4.902e-03,0,0.000399998,872
4.906e-03,0,0.000399998,872
4.909e-03,0,0.000399998,868
4.912e-03,0,0.000399998,868
4.915e-03,0,0.000399998,868
4.918e-03,0,0.000399998,868
4.922e-03,-0.08,0.000399998,868
4.925e-03,0,0.000399998,868
4.928e-03,0,0.000399998,868
4.931e-03,1.44,0.000399998,864
4.934e-03,1.28,0.0012,868
4.938e-03,0.72,0.000399998,868
4.941e-03,0.4,0.000399998,868
4.944e-03,0.24,0.0012,868
4.947e-03,0.16,0.0012,868
4.950e-03,0.08,0.0012,868
4.954e-03,0.08,0.0012,864
4.957e-03,0,0.0012,868
4.960e-03,0.08,0.0012,864
4.963e-03,0,0.000399998,868
4.966e-03,0,0.0012,864
4.970e-03,0,0.0012,864
4.973e-03,0,0.0012,864
4.976e-03,0,0.0012,864
4.979e-03,0,0.0012,860
4.982e-03,0,0.0012,864
4.986e-03,0,0.0012,864
4.989e-03,0,0.0012,864
4.992e-03,0,0.0012,864
4.995e-03,0,0.0012,864
4.998e-03,0,0.002,864
5.002e-03,-0.08,0.0012,864
5.005e-03,0,0.0012,864
5.008e-03,0,0.0012,864
5.011e-03,0,0.002,864
5.014e-03,0,0.0012,860
5.018e-03,0,0.0012,860
5.021e-03,0,0.0012,860
5.024e-03,0,0.002,860
5.027e-03,0,0.0012,860
5.030e-03,0.08,0.0012,860
5.034e-03,6.32,0.002,860
5.037e-03,4.24,0.002,860
5.040e-03,2.08,0.0012,856
5.043e-03,1.04,0.002,860
5.046e-03,0.56,0.002,860
5.050e-03,0.32,0.002,860
5.053e-03,0.16,0.002,860
5.056e-03,0.16,0.002,860
5.059e-03,0.08,0.002,860
5.062e-03,0.08,0.002,856
5.066e-03,0,0.002,856
5.069e-03,0,0.002,856
5.072e-03,0,0.002,856
5.075e-03,0,0.002,856
5.078e-03,0,0.002,856
5.082e-03,0,0.002,856
5.085e-03,0,0.002,856
5.088e-03,-0.08,0.002,856
5.091e-03,0,0.002,856
5.094e-03,0,0.002,856
5.098e-03,0,0.002,856
5.101e-03,0,0.002,856
5.104e-03,0,0.002,856
5.107e-03,-0.08,0.002,856
5.110e-03,0,0.002,856
5.114e-03,0,0.002,856
5.117e-03,0,0.002,852
5.120e-03,0,0.002,852
5.123e-03,0,0.002,852
5.126e-03,0,0.002,852
5.130e-03,0,0.002,852
5.133e-03,0.16,0.002,852
5.136e-03,1.28,0.002,852
5.139e-03,0.88,0.002,852
5.142e-03,0.48,0.002,852
5.146e-03,0.32,0.002,852
5.149e-03,0.24,0.002,852
5.152e-03,0.16,0.002,852
5.155e-03,0.08,0.002,852
5.158e-03,0,0.002,848
5.162e-03,0,0.002,848
5.165e-03,0,0.002,848
5.168e-03,0,0.0012,848
5.171e-03,0,0.0012,848
5.174e-03,0,0.0012,848
5.178e-03,0,0.002,848
5.181e-03,-0.08,0.0012,848
5.184e-03,0,0.002,848
5.187e-03,0,0.0012,848
5.190e-03,0,0.0012,848
5.194e-03,0,0.0012,848
5.197e-03,-0.08,0.0012,848
5.200e-03,0,0.000399998,848
5.203e-03,0,0.0012,848
5.206e-03,0,0.000399998,848
5.210e-03,-0.08,0.000399998,844
5.213e-03,0,0.000399998,844
5.216e-03,0,-0.000400002,844
5.219e-03,-0.08,-0.000400002,844
5.222e-03,0,-0.000400002,844
5.226e-03,0,-0.0012,844
5.229e-03,0,-0.0012,844
5.232e-03,0,-0.002,844
5.235e-03,3.2,-0.002,844
5.238e-03,2.4,-0.0028,844
5.242e-03,1.2,-0.0028,844
5.245e-03,0.64,-0.0036,844
5.248e-03,0.4,-0.0044,844
5.251e-03,0.24,-0.0052,844
5.254e-03,0.16,-0.0052,844
5.258e-03,0.08,-0.0068,844
5.261e-03,0.08,-0.0068,844
5.264e-03,0.08,-0.0076,844
5.267e-03,0,-0.0092,840
5.270e-03,0,-0.0092,840
5.274e-03,0,-0.0108,840
5.277e-03,0,-0.0116,840
5.280e-03,0,-0.0124,840
5.283e-03,0,-0.0132,840
5.286e-03,0,-0.0148,840
5.290e-03,0,-0.0156,840
5.293e-03,0,-0.0172,840
5.296e-03,0,-0.018,840
5.299e-03,0,-0.0196,840
5.302e-03,0,-0.0212,840
5.306e-03,0,-0.022,840
5.309e-03,0,-0.0236,840
5.312e-03,0,-0.0252,840
5.315e-03,0,-0.0268,840
5.318e-03,0,-0.0284,836
5.322e-03,0,-0.0292,836
5.325e-03,0,-0.0316,840
5.328e-03,-0.08,-0.0324,836
5.331e-03,0,-0.034,836
5.334e-03,0.72,-0.0356,836
5.338e-03,1.52,-0.0372,836
5.341e-03,0.88,-0.0388,836
5.344e-03,0.48,-0.0404,836
5.347e-03,0.24,-0.042,836
5.350e-03,0.24,-0.0436,836
5.354e-03,0.16,-0.0452,836
5.357e-03,0.08,-0.046,836
5.360e-03,0.08,-0.0468,836
5.363e-03,0.08,-0.0492,836
5.366e-03,0,-0.05,836
5.370e-03,0,-0.0508,832
5.373e-03,0,-0.0508,832
5.376e-03,0,-0.0516,832
5.379e-03,0,-0.0516,832
5.382e-03,0,-0.0524,832
5.386e-03,0,-0.0516,832
5.389e-03,0,-0.0516,832
5.392e-03,0,-0.0516,832
5.395e-03,0,-0.0508,832
5.398e-03,0,-0.05,832
5.402e-03,0,-0.0492,832
5.405e-03,0,-0.0484,832
5.408e-03,0,-0.0476,832
5.411e-03,0,-0.0452,832
5.414e-03,0,-0.0444,832
5.418e-03,0,-0.0428,828
5.421e-03,0,-0.042,828
5.424e-03,0,-0.0396,828
5.427e-03,0,-0.038,828
5.430e-03,0,-0.0372,828
5.434e-03,1.2,-0.0356,828
5.437e-03,5.52,-0.034,828
5.440e-03,2.88,-0.0324,828
5.443e-03,1.44,-0.0316,828
5.446e-03,0.72,-0.03,828
5.450e-03,0.4,-0.0284,828
5.453e-03,0.24,-0.0276,828
5.456e-03,0.16,-0.026,828
5.459e-03,0.08,-0.0252,828
5.462e-03,0.08,-0.0236,828
5.466e-03,0,-0.022,824
5.469e-03,0,-0.0212,824
5.472e-03,0,-0.0204,828
5.475e-03,0,-0.0196,828
5.478e-03,0,-0.018,824
5.482e-03,0,-0.018,824
5.485e-03,0,-0.0172,824
5.488e-03,0,-0.0164,824
5.491e-03,0,-0.0156,824
5.494e-03,0,-0.0148,824
5.498e-03,0,-0.014,824
5.501e-03,0,-0.0132,824
5.504e-03,0,-0.0132,824
5.507e-03,0,-0.0124,820
5.510e-03,0,-0.0116,820
5.514e-03,0,-0.0116,824
5.517e-03,0,-0.0108,824
5.520e-03,0,-0.0108,820
5.523e-03,0,-0.0108,824
5.526e-03,0,-0.0108,820
5.530e-03,0,-0.0108,820
5.533e-03,1.2,-0.01,820
5.536e-03,0.96,-0.01,820
5.539e-03,0.64,-0.01,820
5.542e-03,0.4,-0.0092,820
5.546e-03,0.24,-0.0092,820
5.549e-03,0.16,-0.01,820
5.552e-03,0.08,-0.01,820
5.555e-03,0.08,-0.0092,820
5.558e-03,0.08,-0.01,820
5.562e-03,0,-0.01,820
5.565e-03,0,-0.01,820
5.568e-03,0,-0.01,820
5.571e-03,0,-0.01,820
5.574e-03,0,-0.01,820
5.578e-03,0,-0.0108,816
5.581e-03,0,-0.0108,816
5.584e-03,0,-0.0116,816
5.587e-03,0,-0.0116,816
5.590e-03,0,-0.0116,816
5.594e-03,0,-0.0116,816
5.597e-03,0,-0.0116,816
5.600e-03,0,-0.0124,816
5.603e-03,0,-0.0132,816
5.606e-03,0,-0.0132,816
5.610e-03,0,-0.0132,816
5.613e-03,0,-0.0132,816
5.616e-03,0,-0.014,816
5.619e-03,0,-0.0148,816
5.622e-03,0,-0.0148,816
5.626e-03,0,-0.0148,812
5.629e-03,0.08,-0.0156,816
5.632e-03,3.6,-0.0156,812
5.635e-03,2.24,-0.0156,812
5.638e-03,1.2,-0.0164,812
5.642e-03,0.64,-0.0164,812
5.645e-03,0.32,-0.0172,812
5.648e-03,0.24,-0.0164,812
5.651e-03,0.16,-0.0172,812
5.654e-03,0.08,-0.0172,812
5.658e-03,0.08,-0.0172,812
5.661e-03,0,-0.0172,812
5.664e-03,0,-0.0172,812
5.667e-03,0,-0.0172,808
5.670e-03,0,-0.0172,812
5.674e-03,0,-0.0172,808
5.677e-03,0,-0.0164,808
5.680e-03,0,-0.0164,808
5.683e-03,0,-0.0164,808
5.686e-03,0,-0.0164,808
5.690e-03,0,-0.0156,808
5.693e-03,0,-0.0164,808
5.696e-03,0,-0.0156,808
5.699e-03,0,-0.0156,808
5.702e-03,0,-0.0148,808
5.706e-03,0,-0.0148,808
5.709e-03,0,-0.0148,808
5.712e-03,0,-0.014,808
5.715e-03,0,-0.014,808
5.718e-03,0,-0.0132,808
5.722e-03,0,-0.0132,808
5.725e-03,0,-0.0124,804
5.728e-03,0.72,-0.0124,804
5.731e-03,1.44,-0.0116,808
5.734e-03,0.8,-0.0116,804
5.738e-03,0.48,-0.0116,804
5.741e-03,0.24,-0.0108,804
5.744e-03,0.16,-0.01,804
5.747e-03,0.08,-0.01,804
5.750e-03,0.08,-0.0092,800
5.754e-03,0.08,-0.0092,804
5.757e-03,0,-0.0084,800
5.760e-03,0,-0.0084,804
5.763e-03,0,-0.0084,804
5.766e-03,0,-0.0076,804
5.770e-03,0,-0.0076,800
5.773e-03,0,-0.0068,800
5.776e-03,0,-0.006,800
5.779e-03,0,-0.006,800
5.782e-03,0,-0.006,800
5.786e-03,0,-0.0052,800
5.789e-03,0,-0.0044,800
5.792e-03,0,-0.0052,800
5.795e-03,0,-0.0052,800
5.798e-03,0,-0.0036,800
5.802e-03,0,-0.0044,800
5.805e-03,0,-0.0044,800
5.808e-03,0,-0.0036,800
5.811e-03,0,-0.0028,800
5.814e-03,0,-0.0028,796
5.818e-03,0,-0.0028,800
5.821e-03,0,-0.0028,800
5.824e-03,0.72,-0.002,800
5.827e-03,5.84,-0.002,800
5.830e-03,3.04,-0.002,800
5.834e-03,1.52,-0.0012,796
5.837e-03,0.8,-0.0012,796
5.840e-03,0.48,-0.0012,796
5.843e-03,0.24,-0.0012,796
5.846e-03,0.08,-0.000400002,796
5.850e-03,0.08,-0.000400002,796
5.853e-03,0.08,-0.000400002,796
5.856e-03,0,-0.000400002,796
5.859e-03,0,0.000399998,796
5.862e-03,0,0.000399998,796
5.866e-03,0,0.000399998,796
5.869e-03,0,0.000399998,796
5.872e-03,0,0.000399998,796
5.875e-03,0,0.0012,792
5.878e-03,0,0.0012,792
5.882e-03,0,0.0012,792
5.885e-03,-0.08,0.0012,792
5.888e-03,-0.08,0.0012,792
5.891e-03,0,0.002,792
5.894e-03,0,0.002,792
5.898e-03,0,0.002,792
5.901e-03,0,0.002,788
5.904e-03,0,0.002,792
5.907e-03,-0.08,0.002,792
5.910e-03,0,0.002,792
5.914e-03,0,0.002,788
5.917e-03,-0.08,0.002,792
5.920e-03,0.08,0.0028,792
5.923e-03,1.28,0.0028,788
5.926e-03,0.88,0.0028,788
5.930e-03,0.56,0.0028,788
5.933e-03,0.32,0.0028,792
5.936e-03,0.16,0.0028,788
5.939e-03,0.16,0.0028,788
5.942e-03,0.08,0.0028,788
5.946e-03,0.08,0.0028,788
5.949e-03,0.08,0.0028,788
5.952e-03,0,0.0036,788
5.955e-03,0,0.0028,788
5.958e-03,0,0.0036,788
5.962e-03,0,0.0036,788
5.965e-03,0,0.0036,788
5.968e-03,0,0.0036,788
5.971e-03,0,0.0036,788
5.974e-03,0,0.0036,788
5.978e-03,0,0.0036,784
5.981e-03,0,0.0036,788
5.984e-03,0,0.0036,784
5.987e-03,0,0.0036,784
5.990e-03,0,0.0036,784

