9.536e-04,0,0.0033,716
9.552e-04,0,0.0035,716
9.568e-04,0,0.0035,716
9.584e-04,0,0.0035,716
9.600e-04,-0.08,0.0033,716
9.616e-04,-0.08,0.0035,716
9.632e-04,0,0.0035,716
9.648e-04,0,0.0035,716
9.664e-04,0,0.0033,716
9.680e-04,0,0.0033,716
9.696e-04,0,0.0037,716
9.712e-04,0,0.0035,716
9.728e-04,0,0.0035,716
9.744e-04,0,0.0035,716
9.760e-04,0,0.0035,716
9.776e-04,0,0.0035,716
9.792e-04,0,0.0035,716
9.808e-04,0.08,0.0035,716
9.824e-04,0.08,0.0033,716
9.840e-04,0.08,0.0033,716
9.856e-04,0,0.0033,720
9.872e-04,0.08,0.0035,720
9.888e-04,0.08,0.0035,716
9.904e-04,0.16,0.0035,720
9.920e-04,0.24,0.0033,716
9.936e-04,0.32,0.0035,720
9.952e-04,0.48,0.0035,720
9.968e-04,1.2,0.0035,720
9.984e-04,1.36,0.0035,720
1.000e-03,0.96,0.0035,720
1.002e-03,0.64,0.0035,720
1.003e-03,0.48,0.0037,720
1.005e-03,0.32,0.0035,716
1.006e-03,0.24,0.0035,720
1.008e-03,0.16,0.0035,720
1.010e-03,0.08,0.0037,720
1.011e-03,0.08,0.0035,720
1.013e-03,0,0.0037,720
1.014e-03,0,0.0037,720
1.016e-03,0,0.0037,720
1.018e-03,0,0.0035,716
1.019e-03,0,0.0035,720
1.021e-03,0,0.0035,720
1.022e-03,0,0.0035,720
1.024e-03,0,0.0035,720
1.026e-03,0,0.0033,720
1.027e-03,0,0.0035,720
1.029e-03,0,0.0035,720
1.030e-03,0,0.0037,720
1.032e-03,0,0.0037,720
1.034e-03,0,0.0033,720
1.035e-03,0,0.0033,720
1.037e-03,0,0.0035,720
1.038e-03,0,0.0033,724
1.040e-03,0,0.0033,720
1.042e-03,0,0.0033,720
1.043e-03,0,0.0033,720
1.045e-03,0,0.0033,720
1.046e-03,0,0.0035,720
1.048e-03,0,0.0033,724
1.050e-03,0,0.0035,724
1.051e-03,0,0.0033,720
1.053e-03,0,0.0035,724
1.054e-03,0,0.0035,724
1.056e-03,0,0.0033,724
1.058e-03,0,0.0031,724
1.059e-03,0,0.0033,724
1.061e-03,0,0.0033,724
1.062e-03,0,0.0037,724
1.064e-03,0,0.0035,724
1.066e-03,0,0.0035,724
1.067e-03,0,0.0035,724
1.069e-03,0,0.0035,724
1.070e-03,0,0.0033,724
1.072e-03,0,0.0033,724
1.074e-03,0.08,0.0033,724
1.075e-03,0.08,0.0031,724
1.077e-03,0.08,0.0033,724
1.078e-03,0.08,0.0035,724
1.080e-03,0.08,0.0033,724
1.082e-03,0.08,0.0031,724
1.083e-03,0.16,0.0035,724
1.085e-03,0.24,0.0033,724
1.086e-03,0.24,0.0033,724
1.088e-03,0.56,0.0035,724
1.090e-03,1.76,0.0035,728
1.091e-03,7.2,0.0035,728
1.093e-03,5.36,0.0033,728
1.094e-03,3.68,0.0033,724
1.096e-03,2.48,0.0035,724
1.098e-03,1.68,0.0035,728
1.099e-03,1.12,0.0031,724
1.101e-03,0.8,0.0033,728
1.102e-03,0.56,0.0031,728
1.104e-03,0.4,0.0035,728
1.106e-03,0.24,0.0037,728
1.107e-03,0.16,0.0033,728
1.109e-03,0.08,0.0035,728
1.110e-03,0.08,0.0033,728
1.112e-03,0.08,0.0033,728
1.114e-03,0,0.0035,728
1.115e-03,0,0.0031,728
1.117e-03,0,0.0035,728
1.118e-03,-0.08,0.0035,728
1.120e-03,0,0.0031,728
1.122e-03,0,0.0033,728
1.123e-03,0,0.0035,728
1.125e-03,0,0.0035,728
1.126e-03,0,0.0037,728
1.128e-03,0,0.0033,728
1.130e-03,0,0.0033,728
1.131e-03,0,0.0031,728
1.133e-03,0,0.0033,732
1.134e-03,0,0.0033,728
1.136e-03,-0.08,0.0035,728
1.138e-03,0,0.0033,728
1.139e-03,0,0.0033,728
1.141e-03,0,0.0031,728
1.142e-03,0,0.0031,732
1.144e-03,0,0.0035,728
1.146e-03,0,0.0031,728
1.147e-03,0,0.0033,732
1.149e-03,0,0.0031,732
1.150e-03,0,0.0033,732
1.152e-03,0,0.0033,732
1.154e-03,0,0.0031,732
1.155e-03,0,0.0033,732
1.157e-03,0,0.0031,732
1.158e-03,0,0.0033,732
1.160e-03,0,0.0031,732
1.162e-03,0,0.0031,732
1.163e-03,0,0.0033,732
1.165e-03,0,0.0031,732
1.166e-03,0,0.0031,732
1.168e-03,0,0.0031,732
1.170e-03,0.08,0.0033,732
1.171e-03,0.08,0.0035,732
1.173e-03,0.08,0.0029,732
1.174e-03,0.08,0.0031,728
1.176e-03,0.08,0.0033,732
1.178e-03,0.08,0.0033,728
1.179e-03,0.08,0.0031,732
1.181e-03,0.24,0.0033,732
1.182e-03,0.32,0.0031,732
1.184e-03,0.8,0.0031,732
1.186e-03,1.92,0.0031,732
1.187e-03,1.6,0.0033,732
1.189e-03,1.12,0.0031,732
1.190e-03,0.8,0.0031,732
1.192e-03,0.56,0.0031,732
1.194e-03,0.4,0.0033,732
1.195e-03,0.24,0.0035,736
1.197e-03,0.16,0.0033,736
1.198e-03,0.08,0.0033,736
1.200e-03,0.08,0.0031,732
1.202e-03,0.08,0.0029,736
1.203e-03,0,0.0029,736
1.205e-03,0,0.0029,736
1.206e-03,0,0.0033,736
1.208e-03,0,0.0031,736
1.210e-03,0,0.0033,736
1.211e-03,0,0.0033,736
1.213e-03,0,0.0031,736
1.214e-03,0,0.0033,736
1.216e-03,0,0.0029,736
1.218e-03,0,0.0031,736
1.219e-03,0,0.0029,736
1.221e-03,0,0.0033,736
1.222e-03,0,0.0033,736
1.224e-03,0,0.0031,736
1.226e-03,0,0.0031,736
1.227e-03,0,0.0031,732
1.229e-03,0,0.0033,736
1.230e-03,0,0.0031,732
1.232e-03,0,0.0031,736
1.234e-03,0,0.0033,736
1.235e-03,0,0.0029,736
1.237e-03,0,0.0031,736
1.238e-03,-0.08,0.0031,736
1.240e-03,0,0.0033,736
1.242e-03,0,0.0033,736
1.243e-03,0,0.0029,736
1.245e-03,0,0.0033,736
1.246e-03,0,0.0033,740
1.248e-03,0,0.0033,740
1.250e-03,0,0.0031,740
1.251e-03,0,0.0029,740
1.253e-03,0,0.0031,740
1.254e-03,0,0.0031,740
1.256e-03,0,0.0029,736
1.258e-03,0,0.0033,740
1.259e-03,0,0.0031,740
1.261e-03,0.08,0.0033,740
1.262e-03,0.08,0.0033,740
1.264e-03,0.08,0.0033,740
1.266e-03,0.08,0.0031,740
1.267e-03,0.08,0.0031,740
1.269e-03,0.08,0.0031,740
1.270e-03,0.08,0.0031,740
1.272e-03,0.16,0.0031,740
1.274e-03,0.16,0.0031,740
1.275e-03,0.24,0.0031,740
1.277e-03,0.64,0.0029,740
1.278e-03,2.48,0.0033,740
1.280e-03,3.6,0.0031,736
1.282e-03,2.56,0.0029,740
1.283e-03,1.76,0.0031,740
1.285e-03,1.2,0.0029,740
1.286e-03,0.72,0.0031,740
1.288e-03,0.56,0.0033,740
1.290e-03,0.32,0.0031,740
1.291e-03,0.16,0.0029,740
1.293e-03,0.08,0.0035,740
1.294e-03,0.16,0.0033,744
1.296e-03,0.08,0.0033,744
1.298e-03,0,0.0029,740
1.299e-03,0,0.0031,740
1.301e-03,0,0.0031,740
1.302e-03,0,0.0033,744
1.304e-03,0,0.0029,744
1.306e-03,0,0.0033,744
1.307e-03,0,0.0029,744
1.309e-03,0,0.0031,744
1.310e-03,0,0.0029,744
1.312e-03,0,0.0031,744
1.314e-03,0,0.0031,744
1.315e-03,0,0.0031,744
1.317e-03,0,0.0029,744
1.318e-03,0,0.0029,744
1.320e-03,0,0.0029,744
1.322e-03,0,0.0033,744
1.323e-03,0,0.0029,744
1.325e-03,0,0.0029,744
1.326e-03,0,0.0029,744
1.328e-03,0,0.0027,744
1.330e-03,0,0.0031,744
1.331e-03,0,0.0029,744
1.333e-03,0,0.0031,744
1.334e-03,0,0.0029,744
1.336e-03,0,0.0029,744
1.338e-03,0,0.0031,744
1.339e-03,0,0.0029,748
1.341e-03,0,0.0031,748
1.342e-03,0,0.0027,744
1.344e-03,0,0.0029,744
1.346e-03,0.08,0.0029,748
1.347e-03,0,0.0027,748
1.349e-03,0,0.0029,748
1.350e-03,0,0.0031,748
1.352e-03,0,0.0029,748
1.354e-03,0,0.0029,748
1.355e-03,0.08,0.0029,748
1.357e-03,0.08,0.0031,748
1.358e-03,0.08,0.0031,748
1.360e-03,0.08,0.0029,744
1.362e-03,0.08,0.0029,748
1.363e-03,0.08,0.0029,748
1.365e-03,0.08,0.0029,744
1.366e-03,0.16,0.0029,748
1.368e-03,0.24,0.0027,748
1.370e-03,0.4,0.0029,748
1.371e-03,0.88,0.0031,748
1.373e-03,1.52,0.0027,748
1.374e-03,1.12,0.0029,748
1.376e-03,0.8,0.0029,748
1.378e-03,0.56,0.0029,748
1.379e-03,0.4,0.0029,748
1.381e-03,0.24,0.0027,748
1.382e-03,0.16,0.0029,748
1.384e-03,0.08,0.0029,748
1.386e-03,0.08,0.0029,748
1.387e-03,0,0.0027,748
1.389e-03,0,0.0029,748
1.390e-03,0,0.0027,748
1.392e-03,0,0.0027,748
1.394e-03,0,0.0027,748
1.395e-03,0,0.0029,752
1.397e-03,0,0.0027,752
1.398e-03,0,0.0027,748
1.400e-03,0,0.0027,752
1.402e-03,0,0.0029,748
1.403e-03,0,0.0027,752
1.405e-03,0,0.0031,752
1.406e-03,0,0.0027,752
1.408e-03,0,0.0027,752
1.410e-03,-0.08,0.0029,752
1.411e-03,0,0.0029,752
1.413e-03,0,0.0029,752
1.414e-03,0,0.0027,752
1.416e-03,0,0.0029,752
1.418e-03,0,0.0029,752
1.419e-03,0,0.0027,752
1.421e-03,0,0.0027,752
1.422e-03,0,0.0027,752
1.424e-03,0,0.0027,752
1.426e-03,0,0.0027,752
1.427e-03,0,0.0027,752
1.429e-03,0,0.0027,752
1.430e-03,0,0.0029,752
1.432e-03,0,0.0029,752
1.434e-03,0,0.0027,748
1.435e-03,0,0.0029,752
1.437e-03,0,0.0025,752
1.438e-03,0,0.0025,752
1.440e-03,0,0.0027,752
1.442e-03,0,0.0027,752
1.443e-03,0,0.0025,752
1.445e-03,0,0.0025,752
1.446e-03,0.08,0.0027,752
1.448e-03,0,0.0025,752
1.450e-03,0.08,0.0025,756
1.451e-03,0,0.0025,756
1.453e-03,0.08,0.0027,752
1.454e-03,0.08,0.0025,752
1.456e-03,0.08,0.0025,752
1.458e-03,0.16,0.0025,756
1.459e-03,0.16,0.0025,756
1.461e-03,0.24,0.0021,756
1.462e-03,0.48,0.0023,756
1.464e-03,1.6,0.0025,756
1.466e-03,7.36,0.0023,756
1.467e-03,5.52,0.0025,756
1.469e-03,3.68,0.0027,756
1.470e-03,2.56,0.0025,756
1.472e-03,1.76,0.0025,756
1.474e-03,1.2,0.0027,756
1.475e-03,0.8,0.0025,756
1.477e-03,0.56,0.0025,756
1.478e-03,0.4,0.0025,756
1.480e-03,0.24,0.0023,756
1.482e-03,0.16,0.0025,756
1.483e-03,0.16,0.0023,756
1.485e-03,0.08,0.0025,756
1.486e-03,0.08,0.0023,756
1.488e-03,0,0.0023,756
1.490e-03,0,0.0023,756
1.491e-03,0,0.0021,756
1.493e-03,0,0.0019,756
1.494e-03,0,0.0023,756
1.496e-03,0,0.0021,756
1.498e-03,0,0.0017,760
1.499e-03,0,0.0021,756
1.501e-03,0,0.0017,756
1.502e-03,0,0.0015,760
1.504e-03,0,0.0017,756
1.506e-03,0,0.0017,760
1.507e-03,0,0.0019,760
1.509e-03,0,0.0015,760
1.510e-03,0,0.0019,760
1.512e-03,0,0.0017,760
1.514e-03,0,0.0017,760
1.515e-03,0,0.0017,760
1.517e-03,0,0.0015,760
1.518e-03,0,0.0015,760
1.520e-03,0,0.0013,760
1.522e-03,0,0.0013,760
1.523e-03,0,0.0011,760
1.525e-03,0,0.0011,760
1.526e-03,0,0.0011,760
1.528e-03,0,0.0009,760
1.530e-03,0,0.0011,760
1.531e-03,-0.08,0.0011,760
1.533e-03,0,0.0011,760
1.534e-03,0,0.0013,760
1.536e-03,0,0.0009,760
1.538e-03,0.08,0.0009,760
1.539e-03,0,0.0007,760
1.541e-03,0.08,0.0007,760
1.542e-03,0,0.0003,764
1.544e-03,0.08,0.0005,764
1.546e-03,0.08,0.0003,764
1.547e-03,0.08,0.0005,764
1.549e-03,0.08,0.0003,760
1.550e-03,0.08,9.99995e-05,764
1.552e-03,0.08,9.99995e-05,764
1.554e-03,0.16,9.99995e-05,760
1.555e-03,0.32,-0.0003,764
1.557e-03,0.56,-0.0001,764
1.558e-03,1.84,-0.0003,764
1.560e-03,1.6,-0.0003,764
1.562e-03,1.12,-0.0007,764
1.563e-03,0.8,-0.0007,764
1.565e-03,0.56,-0.0007,764
1.566e-03,0.32,-0.0011,764
1.568e-03,0.24,-0.0007,764
1.570e-03,0.16,-0.0007,764
1.571e-03,0.08,-0.0011,764
1.573e-03,0.08,-0.0011,764
1.574e-03,0,-0.0011,764
1.576e-03,0,-0.0011,764
1.578e-03,0,-0.0015,764
1.579e-03,0,-0.0015,764
1.581e-03,0,-0.0017,764
1.582e-03,0,-0.0017,760
1.584e-03,0,-0.0017,764
1.586e-03,0,-0.0019,764
1.587e-03,0,-0.0021,764
1.589e-03,0,-0.0023,764
1.590e-03,-0.08,-0.0023,764
1.592e-03,0,-0.0023,764
1.594e-03,0,-0.0025,764
1.595e-03,0,-0.0027,768
1.597e-03,0,-0.0029,764
1.598e-03,0,-0.0031,764
1.600e-03,0,-0.0033,764
1.602e-03,0,-0.0031,764
1.603e-03,0,-0.0031,768
1.605e-03,0,-0.0033,768
1.606e-03,0,-0.0031,764
1.608e-03,0,-0.0033,768
1.610e-03,0,-0.0035,768
1.611e-03,0,-0.0037,768
1.613e-03,0,-0.0037,768
1.614e-03,0,-0.0041,768
1.616e-03,0,-0.0039,768
1.618e-03,0,-0.0043,768
1.619e-03,0,-0.0043,768
1.621e-03,0,-0.0043,768
1.622e-03,0,-0.0043,768
1.624e-03,0,-0.0043,768
1.626e-03,0,-0.0041,768
1.627e-03,0,-0.0043,768
1.629e-03,0,-0.0043,768
1.630e-03,0,-0.0045,768
1.632e-03,0,-0.0051,768
1.634e-03,0.08,-0.0049,768
1.635e-03,0,-0.0051,768
1.637e-03,0.08,-0.0053,768
1.638e-03,0.08,-0.0053,768
1.640e-03,0.08,-0.0057,768
1.642e-03,0.08,-0.0059,768
1.643e-03,0.08,-0.0059,768
1.645e-03,0.16,-0.0059,772
1.646e-03,0.24,-0.0063,768
1.648e-03,0.48,-0.0065,768
1.650e-03,1.92,-0.0067,768
1.651e-03,3.84,-0.0067,768
1.653e-03,2.8,-0.0073,772
1.654e-03,1.92,-0.0071,772
1.656e-03,1.28,-0.0071,772
1.658e-03,0.88,-0.0073,772
1.659e-03,0.64,-0.0073,772
1.661e-03,0.4,-0.0075,772
1.662e-03,0.32,-0.0077,772
1.664e-03,0.16,-0.0077,772
1.666e-03,0.16,-0.0077,772
1.667e-03,0.08,-0.0079,772
1.669e-03,0,-0.0079,772
1.670e-03,0,-0.0081,772
1.672e-03,0,-0.0081,772
1.674e-03,0,-0.0081,772
1.675e-03,0,-0.0081,772
1.677e-03,0,-0.0083,772
1.678e-03,0,-0.0085,772
1.680e-03,0,-0.0083,772
1.682e-03,0,-0.0085,772
1.683e-03,0,-0.0083,772
1.685e-03,0,-0.0085,772
1.686e-03,0,-0.0081,772
1.688e-03,0,-0.0085,772
1.690e-03,0,-0.0083,772
1.691e-03,0,-0.0087,776
1.693e-03,0,-0.0087,776
1.694e-03,0,-0.0085,772
1.696e-03,0,-0.0085,772
1.698e-03,0,-0.0085,776
1.699e-03,0,-0.0083,776
1.701e-03,0,-0.0083,776
1.702e-03,0,-0.0083,776
1.704e-03,0,-0.0081,772
1.706e-03,0,-0.0081,776
1.707e-03,0,-0.0081,776
1.709e-03,0,-0.0081,776
1.710e-03,0,-0.0081,776
1.712e-03,0,-0.0079,776
1.714e-03,0,-0.0079,776
1.715e-03,0,-0.0079,776
1.717e-03,0,-0.0075,776
1.718e-03,0,-0.0075,776
1.720e-03,0,-0.0077,776
1.722e-03,0,-0.0075,776
1.723e-03,0,-0.0073,776
1.725e-03,0,-0.0073,776
1.726e-03,0.08,-0.0071,776
1.728e-03,0.08,-0.0071,776
1.730e-03,0.08,-0.0069,776
1.731e-03,0.08,-0.0069,776
1.733e-03,0.08,-0.0067,776
1.734e-03,0.08,-0.0067,776
1.736e-03,0.08,-0.0063,776
1.738e-03,0.08,-0.0065,776
1.739e-03,0.24,-0.0067,776
1.741e-03,0.48,-0.0063,776
1.742e-03,1.12,-0.0063,776
1.744e-03,1.36,-0.0059,776
1.746e-03,0.96,-0.0059,776
1.747e-03,0.72,-0.0061,776
1.749e-03,0.48,-0.0057,780
1.750e-03,0.32,-0.0057,776
1.752e-03,0.24,-0.0057,776
1.754e-03,0.08,-0.0055,776
1.755e-03,0.08,-0.0055,780
1.757e-03,0.08,-0.0053,780
1.758e-03,0,-0.0051,780
1.760e-03,0,-0.0053,776
1.762e-03,0,-0.0051,780
1.763e-03,0,-0.0049,780
1.765e-03,-0.08,-0.0049,780
1.766e-03,0,-0.0051,780
1.768e-03,0,-0.0045,780
1.770e-03,0,-0.0045,780
1.771e-03,0,-0.0045,780
1.773e-03,0,-0.0047,780
1.774e-03,0,-0.0045,780
1.776e-03,0,-0.0043,780
1.778e-03,0,-0.0043,780
1.779e-03,0,-0.0041,780
1.781e-03,0,-0.0041,776
1.782e-03,0,-0.0039,780
1.784e-03,-0.08,-0.0041,780
1.786e-03,0,-0.0039,780
1.787e-03,0,-0.0039,780
1.789e-03,0,-0.0039,780
1.790e-03,0,-0.0041,780
1.792e-03,0,-0.0039,780
1.794e-03,0,-0.0039,780
1.795e-03,0,-0.0041,784
1.797e-03,0,-0.0039,784
1.798e-03,0,-0.0041,780
1.800e-03,0,-0.0039,780
1.802e-03,0,-0.0039,780
1.803e-03,0,-0.0039,784
1.805e-03,0,-0.0041,780
1.806e-03,0,-0.0039,784
1.808e-03,0,-0.0039,784
1.810e-03,0,-0.0037,784
1.811e-03,0,-0.0043,780
1.813e-03,0,-0.0043,784
1.814e-03,0,-0.0043,784
1.816e-03,0,-0.0045,784
1.818e-03,0,-0.0045,784
1.819e-03,0.08,-0.0047,784
1.821e-03,0.08,-0.0045,784
1.822e-03,0.08,-0.0047,784
1.824e-03,0.08,-0.0051,784
1.826e-03,0.08,-0.0049,784
1.827e-03,0.16,-0.0051,784
1.829e-03,0.16,-0.0051,784
1.830e-03,0.24,-0.0053,784
1.832e-03,0.4,-0.0053,784
1.834e-03,1.12,-0.0055,784
1.835e-03,6.72,-0.0057,784
1.837e-03,5.6,-0.0059,788
1.838e-03,3.84,-0.0059,788
1.840e-03,2.64,-0.0063,784
1.842e-03,1.76,-0.0065,784
1.843e-03,1.2,-0.0065,784
1.845e-03,0.88,-0.0069,788
1.846e-03,0.56,-0.0071,788
1.848e-03,0.4,-0.0073,784
1.850e-03,0.24,-0.0075,784
1.851e-03,0.16,-0.0075,788
1.853e-03,0.08,-0.0079,788
1.854e-03,0.08,-0.0079,788
1.856e-03,0.08,-0.0081,788
1.858e-03,0,-0.0085,788
1.859e-03,0,-0.0089,788
1.861e-03,0,-0.0091,788
1.862e-03,0,-0.0095,788
1.864e-03,0,-0.0099,788
1.866e-03,0,-0.0103,788
1.867e-03,0,-0.0105,788
1.869e-03,0,-0.0107,788
1.870e-03,0,-0.0111,788
1.872e-03,0,-0.0115,788
1.874e-03,0,-0.0117,788
1.875e-03,0,-0.0123,788
1.877e-03,0,-0.0121,788
1.878e-03,0,-0.0129,788
1.880e-03,0,-0.0131,788
1.882e-03,0,-0.0133,788
1.883e-03,0,-0.0137,788
1.885e-03,-0.08,-0.0141,788
1.886e-03,0,-0.0147,784
1.888e-03,0,-0.0147,788
1.890e-03,0,-0.0153,788
1.891e-03,0,-0.0153,788
1.893e-03,0,-0.0157,792
1.894e-03,-0.08,-0.0157,788
1.896e-03,0,-0.0159,788
1.898e-03,0,-0.0159,788
1.899e-03,0,-0.0163,792
1.901e-03,0,-0.0167,792
1.902e-03,0,-0.0167,792
1.904e-03,0,-0.0171,792
1.906e-03,0,-0.0171,792
1.907e-03,0,-0.0173,788
1.909e-03,0,-0.0173,792
1.910e-03,0,-0.0171,792
1.912e-03,0.08,-0.0169,792
1.914e-03,0.08,-0.0169,792
1.915e-03,0.08,-0.0169,792
1.917e-03,0.08,-0.0169,792
1.918e-03,0.08,-0.0169,792
1.920e-03,0.16,-0.0171,792
1.922e-03,0.16,-0.0171,792
1.923e-03,0.24,-0.0173,792
1.925e-03,0.48,-0.0177,792
1.926e-03,1.68,-0.0181,792
1.928e-03,1.68,-0.0183,792
1.930e-03,1.12,-0.0187,792
1.931e-03,0.8,-0.0193,788
1.933e-03,0.56,-0.0197,792
1.934e-03,0.4,-0.0199,792
1.936e-03,0.24,-0.0201,792
1.938e-03,0.16,-0.0209,792
1.939e-03,0.08,-0.0211,792
1.941e-03,0.08,-0.0215,792
1.942e-03,0.08,-0.0217,792
1.944e-03,0,-0.0219,792
1.946e-03,0,-0.0223,792
1.947e-03,0,-0.0225,792
1.949e-03,0,-0.0229,792
1.950e-03,0,-0.0231,792
1.952e-03,0,-0.0233,796
1.954e-03,0,-0.0233,792
1.955e-03,0,-0.0233,792
1.957e-03,0,-0.0235,792
1.958e-03,0,-0.0237,792
1.960e-03,0,-0.0239,796
1.962e-03,0,-0.0239,796
1.963e-03,0,-0.0241,792
1.965e-03,0,-0.0239,792
1.966e-03,0,-0.0239,796
1.968e-03,0,-0.0239,792
1.970e-03,0,-0.0237,792
1.971e-03,-0.08,-0.0237,796
1.973e-03,0,-0.0235,796
1.974e-03,0,-0.0233,796
1.976e-03,0,-0.0231,796
1.978e-03,0,-0.0231,796
1.979e-03,0,-0.0231,796
1.981e-03,0,-0.0231,796
1.982e-03,0,-0.0227,796
1.984e-03,0,-0.0225,796
1.986e-03,0,-0.0223,796
1.987e-03,0,-0.0223,796
1.989e-03,0,-0.0219,796
1.990e-03,0,-0.0215,796
1.992e-03,0.08,-0.0213,796
1.994e-03,0,-0.0213,796
1.995e-03,0,-0.0207,800
1.997e-03,0.08,-0.0207,796
1.998e-03,0,-0.0203,796
2.000e-03,0.08,-0.0201,796
2.002e-03,0,-0.0199,796
2.003e-03,0.08,-0.0193,796
2.005e-03,0,-0.0191,800
2.006e-03,0.08,-0.0187,800
2.008e-03,0.08,-0.0183,796
2.010e-03,0.08,-0.0179,800
2.011e-03,0.16,-0.0177,796
2.013e-03,0.16,-0.0175,800
2.014e-03,0.32,-0.0173,800
2.016e-03,0.72,-0.0171,800
2.018e-03,2.96,-0.0167,800
2.019e-03,3.28,-0.0165,800
2.021e-03,2.24,-0.0161,800
2.022e-03,1.6,-0.0159,800
2.024e-03,1.04,-0.0155,800
2.026e-03,0.72,-0.0151,800
2.027e-03,0.48,-0.0149,800
2.029e-03,0.32,-0.0145,800
2.030e-03,0.24,-0.0145,800
2.032e-03,0.16,-0.0141,800
2.034e-03,0.16,-0.0137,800
2.035e-03,0.08,-0.0135,800
2.037e-03,0,-0.0133,800
2.038e-03,0,-0.0131,800
2.040e-03,0,-0.0127,800
2.042e-03,0,-0.0123,800
2.043e-03,0,-0.0123,796
2.045e-03,0,-0.0123,800
2.046e-03,-0.08,-0.0117,800
2.048e-03,-0.08,-0.0115,800
2.050e-03,0,-0.0111,800
2.051e-03,0,-0.0109,804
2.053e-03,0,-0.0109,800
2.054e-03,0,-0.0105,800
2.056e-03,0,-0.0103,800
2.058e-03,0,-0.0099,804
2.059e-03,0,-0.0099,804
2.061e-03,0,-0.0099,800
2.062e-03,0,-0.0093,804
2.064e-03,0,-0.0095,800
2.066e-03,0,-0.0091,804
2.067e-03,0,-0.0085,804
2.069e-03,0,-0.0085,804
2.070e-03,0,-0.0087,800
2.072e-03,0,-0.0083,804
2.074e-03,0,-0.0081,804
2.075e-03,0,-0.0079,804
2.077e-03,0,-0.0077,804
2.078e-03,0,-0.0077,804
2.080e-03,0,-0.0075,804
2.082e-03,0,-0.0073,800
2.083e-03,0,-0.0071,804
2.085e-03,0,-0.0071,804
2.086e-03,0,-0.0069,804
2.088e-03,0,-0.0067,804
2.090e-03,0,-0.0065,804
2.091e-03,0.08,-0.0065,804
2.093e-03,0,-0.0061,804
2.094e-03,0.08,-0.0059,804
2.096e-03,0.08,-0.0059,804
2.098e-03,0.08,-0.0059,804
2.099e-03,0,-0.0057,804
2.101e-03,0.08,-0.0059,804
2.102e-03,0.08,-0.0055,804
2.104e-03,0.16,-0.0053,804
2.106e-03,0.16,-0.0055,808
2.107e-03,0.32,-0.0051,808
2.109e-03,0.96,-0.0049,804
2.110e-03,1.44,-0.0049,804
2.112e-03,1.04,-0.0051,808
2.114e-03,0.8,-0.0047,804
2.115e-03,0.48,-0.0045,804
2.117e-03,0.32,-0.0045,808
2.118e-03,0.24,-0.0043,804
2.120e-03,0.16,-0.0043,808
2.122e-03,0.16,-0.0041,808
2.123e-03,0.08,-0.0039,808
2.125e-03,0,-0.0039,804
2.126e-03,0,-0.0037,808
2.128e-03,0,-0.0041,808
2.130e-03,0,-0.0037,808
2.131e-03,0,-0.0035,808
2.133e-03,0,-0.0037,808
2.134e-03,0,-0.0033,808
2.136e-03,0,-0.0037,804
2.138e-03,0,-0.0037,808
2.139e-03,0,-0.0033,808
2.141e-03,0,-0.0029,808
2.142e-03,0,-0.0031,808
2.144e-03,0,-0.0029,808
2.146e-03,0,-0.0029,808
2.147e-03,0,-0.0027,808
2.149e-03,0,-0.0025,808
2.150e-03,0,-0.0025,808
2.152e-03,0,-0.0025,808
2.154e-03,0,-0.0023,808
2.155e-03,0,-0.0025,808
2.157e-03,0,-0.0025,808
2.158e-03,-0.08,-0.0021,808
2.160e-03,0,-0.0021,808
2.162e-03,0,-0.0019,808
2.163e-03,0,-0.0019,812
2.165e-03,0,-0.0019,808
2.166e-03,0,-0.0021,812
2.168e-03,0,-0.0021,812
2.170e-03,0,-0.0017,808
2.171e-03,0,-0.0017,812
2.173e-03,0,-0.0017,812
2.174e-03,0,-0.0017,812
2.176e-03,0,-0.0015,812
2.178e-03,0,-0.0015,812
2.179e-03,0,-0.0015,812
2.181e-03,0,-0.0015,808
2.182e-03,0,-0.0013,812
2.184e-03,0,-0.0013,812
2.186e-03,0,-0.0009,812
2.187e-03,0.08,-0.0013,812
2.189e-03,0.08,-0.0013,812
2.190e-03,0.08,-0.0013,812
2.192e-03,0.16,-0.0011,812
2.194e-03,0.16,-0.0009,812
2.195e-03,0.24,-0.0009,812
2.197e-03,0.4,-0.0009,812
2.198e-03,1.2,-0.0009,812
2.200e-03,6.72,-0.0007,812
2.202e-03,5.28,-0.0005,812
2.203e-03,3.68,-0.0007,812
2.205e-03,2.48,-0.0009,812
2.206e-03,1.68,-0.0007,816
2.208e-03,1.12,-0.0009,816
2.210e-03,0.8,-0.0009,812
2.211e-03,0.56,-0.0005,816
2.213e-03,0.4,-0.0007,812
2.214e-03,0.24,-0.0005,816
2.216e-03,0.16,-0.0005,816
2.218e-03,0.16,-0.0005,816
2.219e-03,0.08,-0.0005,816
2.221e-03,0.08,-0.0005,816
2.222e-03,0.08,-0.0005,816
2.224e-03,0,9.99995e-05,816
2.226e-03,0,-0.0001,816
2.227e-03,0,9.99995e-05,816
2.229e-03,0,-0.0001,816
2.230e-03,0,-0.0001,816
2.232e-03,0,-0.0001,816
2.234e-03,0,9.99995e-05,812
2.235e-03,0,9.99995e-05,816
2.237e-03,0,9.99995e-05,816
2.238e-03,0,-0.0001,816
2.240e-03,0,-0.0001,816
2.242e-03,0,9.99995e-05,816
2.243e-03,0,0.0003,816
2.245e-03,0,0.0003,816
2.246e-03,0,0.0003,816
2.248e-03,0,0.0003,816
2.250e-03,0,0.0003,816
2.251e-03,0,0.0003,816
2.253e-03,0,0.0003,816
2.254e-03,0,0.0003,816
2.256e-03,0,9.99995e-05,816
2.258e-03,0,0.0005,816
2.259e-03,0,0.0003,816
2.261e-03,0,0.0003,820
2.262e-03,0,0.0003,816
2.264e-03,0,0.0003,816
2.266e-03,0,0.0007,816
2.267e-03,0,0.0005,816
2.269e-03,0,0.0007,820
2.270e-03,0,0.0007,820
2.272e-03,0,0.0005,820
2.274e-03,0.08,0.0007,820
2.275e-03,0.08,0.0007,820
2.277e-03,0,0.0003,820
2.278e-03,0.08,0.0007,820
2.280e-03,0.08,0.0007,820
2.282e-03,0.08,0.0007,820
2.283e-03,0.08,0.0007,820
2.285e-03,0.16,0.0011,820
2.286e-03,0.24,0.0009,820
2.288e-03,0.32,0.0009,820
2.290e-03,0.8,0.0007,820
2.291e-03,1.76,0.0009,820
2.293e-03,1.44,0.0007,820
2.294e-03,0.96,0.0009,820
2.296e-03,0.64,0.0009,820
2.298e-03,0.48,0.0009,820
2.299e-03,0.32,0.0009,820
2.301e-03,0.24,0.0007,820
2.302e-03,0.16,0.0009,820
2.304e-03,0,0.0009,820
2.306e-03,0.08,0.0009,820
2.307e-03,0,0.0011,820
2.309e-03,0,0.0011,824
2.310e-03,0,0.0011,820
2.312e-03,0,0.0011,820
2.314e-03,0,0.0011,824
2.315e-03,0,0.0011,824
2.317e-03,0,0.0011,824
2.318e-03,0,0.0011,820
2.320e-03,0,0.0011,824
2.322e-03,0,0.0015,824
2.323e-03,0,0.0013,820
2.325e-03,0,0.0013,824
2.326e-03,0,0.0011,824
2.328e-03,0,0.0013,824
2.330e-03,0,0.0011,824
2.331e-03,0,0.0011,824
2.333e-03,0,0.0013,824
2.334e-03,0,0.0013,824
2.336e-03,0,0.0013,824
2.338e-03,0,0.0013,824
2.339e-03,0,0.0013,824
2.341e-03,0,0.0013,824
2.342e-03,0,0.0013,824
2.344e-03,0,0.0013,820
2.346e-03,0,0.0015,824
2.347e-03,0,0.0013,824
2.349e-03,0,0.0013,824
2.350e-03,0,0.0013,824
2.352e-03,0,0.0015,824
2.354e-03,0,0.0013,824
2.355e-03,0,0.0015,824
2.357e-03,0,0.0011,828
2.358e-03,0,0.0011,824
2.360e-03,0.08,0.0013,824
2.362e-03,0.08,0.0013,828
2.363e-03,0,0.0013,824
2.365e-03,0.08,0.0013,824
2.366e-03,0.08,0.0013,828
2.368e-03,0.08,0.0013,828
2.370e-03,0.08,0.0013,824
2.371e-03,0.08,0.0013,828
2.373e-03,0.08,0.0015,828
2.374e-03,0.16,0.0013,828
2.376e-03,0.16,0.0015,828
2.378e-03,0.32,0.0013,828
2.379e-03,0.8,0.0015,828
2.381e-03,3.12,0.0015,828
2.382e-03,3.28,0.0015,828
2.384e-03,2.24,0.0015,828
2.386e-03,1.52,0.0013,828
2.387e-03,0.96,0.0015,828
2.389e-03,0.72,0.0015,828
2.390e-03,0.48,0.0015,828
2.392e-03,0.32,0.0013,828
2.394e-03,0.24,0.0015,828
2.395e-03,0.16,0.0015,828
2.397e-03,0.08,0.0013,828
2.398e-03,0.08,0.0015,828
2.400e-03,0.08,0.0015,828
2.402e-03,0,0.0015,828
2.403e-03,0,0.0015,828
2.405e-03,0,0.0013,828
2.406e-03,0,0.0015,828
2.408e-03,0,0.0015,828
2.410e-03,0,0.0013,828
2.411e-03,-0.08,0.0013,828
2.413e-03,0,0.0015,828
2.414e-03,0,0.0011,832
2.416e-03,0,0.0013,832
2.418e-03,-0.08,0.0019,832
2.419e-03,0,0.0015,832
2.421e-03,0,0.0015,828
2.422e-03,0,0.0017,832
2.424e-03,0,0.0015,832
2.426e-03,-0.08,0.0017,832
2.427e-03,0,0.0015,832
2.429e-03,0,0.0015,832
2.430e-03,0,0.0015,832
2.432e-03,0,0.0017,832
2.434e-03,0,0.0017,832
2.435e-03,0,0.0017,832
2.437e-03,-0.08,0.0017,832
2.438e-03,0,0.0017,832
2.440e-03,0,0.0015,832
2.442e-03,0,0.0013,832
2.443e-03,0,0.0013,832
2.445e-03,0,0.0015,832
2.446e-03,0,0.0015,832
2.448e-03,0,0.0015,832
2.450e-03,0,0.0015,832
2.451e-03,0,0.0019,832
2.453e-03,0,0.0013,832
2.454e-03,0,0.0015,832
2.456e-03,0.08,0.0015,832
2.458e-03,0.08,0.0015,832
2.459e-03,0.08,0.0013,832
2.461e-03,0.08,0.0013,832
2.462e-03,0.08,0.0015,832
2.464e-03,0.08,0.0013,832
2.466e-03,0.16,0.0013,836
2.467e-03,0.24,0.0015,832
2.469e-03,0.4,0.0015,832
2.470e-03,0.96,0.0013,832
2.472e-03,1.36,0.0013,836
2.474e-03,1.04,0.0013,836
2.475e-03,0.72,0.0013,836
2.477e-03,0.48,0.0017,832
2.478e-03,0.32,0.0013,836
2.480e-03,0.16,0.0011,836
2.482e-03,0.16,0.0015,832
2.483e-03,0.08,0.0015,836
2.485e-03,0.08,0.0013,836
2.486e-03,0,0.0013,836
2.488e-03,0,0.0013,836
2.490e-03,0,0.0015,836
2.491e-03,0,0.0013,836
2.493e-03,0,0.0011,836
2.494e-03,0,0.0011,836
2.496e-03,0,0.0009,836
2.498e-03,0,0.0009,836
2.499e-03,0,0.0007,836
2.501e-03,0,0.0009,832
2.502e-03,0,0.0009,836
2.504e-03,0,0.0007,836
2.506e-03,0,0.0007,836
2.507e-03,0,0.0007,836
2.509e-03,0,0.0005,836
2.510e-03,0,0.0005,840
2.512e-03,-0.08,0.0003,836
2.514e-03,0,9.99995e-05,836
2.515e-03,0,0.0003,836
2.517e-03,0,-0.0003,836
2.518e-03,0,9.99995e-05,840
2.520e-03,0,-0.0001,840
2.522e-03,0,-0.0001,840
2.523e-03,0,-0.0001,840
2.525e-03,0,-0.0003,836
2.526e-03,0,-0.0005,840
2.528e-03,0,-0.0005,840
2.530e-03,0,-0.0007,840
2.531e-03,0,-0.0005,836
2.533e-03,0,-0.0007,840
2.534e-03,0,-0.0009,840
2.536e-03,0,-0.0011,840
2.538e-03,0,-0.0013,840
2.539e-03,0,-0.0015,840
2.541e-03,0,-0.0019,840
2.542e-03,0.08,-0.0021,840
2.544e-03,0,-0.0019,840
2.546e-03,0.08,-0.0023,840
2.547e-03,0.08,-0.0023,840
2.549e-03,0.08,-0.0027,840
2.550e-03,0.08,-0.0027,840
2.552e-03,0.16,-0.0029,840
2.554e-03,0.16,-0.0031,840
2.555e-03,0.24,-0.0033,840
2.557e-03,0.24,-0.0035,840
2.558e-03,0.56,-0.0039,840
2.560e-03,3.28,-0.0041,840
2.562e-03,6.32,-0.0043,840
2.563e-03,4.4,-0.0047,844
2.565e-03,3.04,-0.0049,840
2.566e-03,2.08,-0.0049,840
2.568e-03,1.44,-0.0053,840
2.570e-03,0.96,-0.0059,840
2.571e-03,0.64,-0.0061,844
2.573e-03,0.48,-0.0061,844
2.574e-03,0.32,-0.0063,844
2.576e-03,0.16,-0.0067,844
2.578e-03,0.16,-0.0069,844
2.579e-03,0.08,-0.0075,840
2.581e-03,0.08,-0.0077,844
2.582e-03,0.08,-0.0079,844
2.584e-03,0,-0.0081,844
2.586e-03,0,-0.0081,844
2.587e-03,0,-0.0087,840
2.589e-03,0,-0.0091,844
2.590e-03,0,-0.0093,844
2.592e-03,0,-0.0095,844
2.594e-03,-0.08,-0.0099,844
2.595e-03,0,-0.0101,844
2.597e-03,0,-0.0101,844
2.598e-03,0,-0.0107,844
2.600e-03,0,-0.0109,844
2.602e-03,0,-0.0113,844
2.603e-03,0,-0.0115,844
2.605e-03,0,-0.0117,844
2.606e-03,0,-0.0119,844
2.608e-03,0,-0.0123,844
2.610e-03,0,-0.0123,844
2.611e-03,0,-0.0127,844
2.613e-03,0,-0.0131,844
2.614e-03,0,-0.0127,844
2.616e-03,-0.08,-0.0127,844
2.618e-03,0,-0.0125,848
2.619e-03,0,-0.0123,844
2.621e-03,0,-0.0121,844
2.622e-03,0,-0.0117,844
2.624e-03,-0.08,-0.0117,848
2.626e-03,0,-0.0111,844
2.627e-03,0,-0.0111,848
2.629e-03,0,-0.0109,848
2.630e-03,0,-0.0109,844
2.632e-03,0.08,-0.0107,848
2.634e-03,0,-0.0109,848
2.635e-03,0.08,-0.0109,844
2.637e-03,0.08,-0.0111,844
2.638e-03,0.08,-0.0111,848
2.640e-03,0.08,-0.0115,848
2.642e-03,0.16,-0.0117,844
2.643e-03,0.16,-0.0119,848
2.645e-03,0.16,-0.0121,848
2.646e-03,0.24,-0.0123,848
2.648e-03,0.4,-0.0125,848
2.650e-03,1.28,-0.0125,848
2.651e-03,1.76,-0.0129,848
2.653e-03,1.28,-0.0129,848
2.654e-03,0.88,-0.0129,848
2.656e-03,0.56,-0.0131,848
2.658e-03,0.4,-0.0131,848
2.659e-03,0.32,-0.0133,848
2.661e-03,0.16,-0.0135,848
2.662e-03,0.16,-0.0135,848
2.664e-03,0.08,-0.0139,848
2.666e-03,0.08,-0.0137,848
2.667e-03,0.08,-0.0137,848
2.669e-03,0,-0.0137,848
2.670e-03,0,-0.0137,848
2.672e-03,0,-0.0137,852
2.674e-03,-0.08,-0.0135,852
2.675e-03,0,-0.0135,852
2.677e-03,0,-0.0133,848
2.678e-03,0,-0.0131,852
2.680e-03,0,-0.0131,852
2.682e-03,0,-0.0133,848
2.683e-03,0,-0.0133,852
2.685e-03,0,-0.0131,848
2.686e-03,0,-0.0127,852
2.688e-03,0,-0.0129,852
2.690e-03,0,-0.0127,852
2.691e-03,0,-0.0125,852
2.693e-03,0,-0.0123,852
2.694e-03,0,-0.0123,852
2.696e-03,0,-0.0121,848
2.698e-03,0,-0.0121,852
2.699e-03,0,-0.0115,852
2.701e-03,0,-0.0117,852
2.702e-03,0,-0.0115,852
2.704e-03,0,-0.0113,852
2.706e-03,0,-0.0111,852
2.707e-03,0,-0.0111,852
2.709e-03,0,-0.0107,852
2.710e-03,0,-0.0105,852
2.712e-03,0,-0.0103,852
2.714e-03,0,-0.0101,852
2.715e-03,0,-0.0101,852
2.717e-03,0.08,-0.0099,856
2.718e-03,0.08,-0.0095,852
2.720e-03,0,-0.0095,856
2.722e-03,0.08,-0.0091,852
2.723e-03,0.08,-0.0091,852
2.725e-03,0.08,-0.0087,856
2.726e-03,0.08,-0.0089,852
2.728e-03,0.08,-0.0087,856
2.730e-03,0.08,-0.0085,852
2.731e-03,0.08,-0.0081,856
2.733e-03,0.16,-0.0081,856
2.734e-03,0.16,-0.0081,856
2.736e-03,0.24,-0.0079,856
2.738e-03,0.72,-0.0075,856
2.739e-03,3.12,-0.0075,856
2.741e-03,2.96,-0.0075,856
2.742e-03,2.08,-0.0073,856
2.744e-03,1.36,-0.0071,856
2.746e-03,0.96,-0.0071,856
2.747e-03,0.64,-0.0071,856
2.749e-03,0.48,-0.0069,856
2.750e-03,0.32,-0.0067,856
2.752e-03,0.24,-0.0067,856
2.754e-03,0.16,-0.0065,856
2.755e-03,0.08,-0.0063,856
2.757e-03,0.08,-0.0061,856
2.758e-03,0,-0.0061,856
2.760e-03,0.08,-0.0059,856
2.762e-03,0,-0.0059,860
2.763e-03,0,-0.0057,856
2.765e-03,0,-0.0057,856
2.766e-03,0,-0.0057,860
2.768e-03,0,-0.0053,860
2.770e-03,0,-0.0051,860
2.771e-03,0,-0.0051,860
2.773e-03,0,-0.0051,860
2.774e-03,0,-0.0051,860
2.776e-03,0,-0.0045,860
2.778e-03,0,-0.0047,856
2.779e-03,0,-0.0045,860
2.781e-03,0,-0.0043,860
2.782e-03,0,-0.0047,860
2.784e-03,0,-0.0043,860
2.786e-03,0,-0.0043,860
2.787e-03,0,-0.0041,860
2.789e-03,0,-0.0043,860
2.790e-03,0,-0.0041,860
2.792e-03,0,-0.0039,860
2.794e-03,0,-0.0039,860
2.795e-03,-0.08,-0.0039,860
2.797e-03,0,-0.0035,856
2.798e-03,0,-0.0039,860
2.800e-03,0,-0.0037,860
2.802e-03,0,-0.0037,860
2.803e-03,0,-0.0035,860
2.805e-03,0.08,-0.0033,860
2.806e-03,0,-0.0031,860
2.808e-03,0,-0.0033,860
2.810e-03,0.08,-0.0031,860
2.811e-03,0.08,-0.0031,860
2.813e-03,0.08,-0.0031,860
2.814e-03,0.08,-0.0029,860
2.816e-03,0.08,-0.0033,860
2.818e-03,0.08,-0.0031,860
2.819e-03,0.08,-0.0029,860
2.821e-03,0.08,-0.0027,860
2.822e-03,0.16,-0.0027,864
2.824e-03,0.24,-0.0029,860
2.826e-03,0.32,-0.0029,864
2.827e-03,0.8,-0.0029,864
2.829e-03,1.44,-0.0025,864
2.830e-03,1.12,-0.0025,864
2.832e-03,0.8,-0.0025,864
2.834e-03,0.48,-0.0025,864
2.835e-03,0.4,-0.0023,864
2.837e-03,0.24,-0.0023,864
2.838e-03,0.16,-0.0025,860
2.840e-03,0.08,-0.0021,864
2.842e-03,0.08,-0.0023,864
2.843e-03,0,-0.0025,864
2.845e-03,0,-0.0023,864
2.846e-03,0,-0.0021,864
2.848e-03,0,-0.0019,864
2.850e-03,0,-0.0019,864
2.851e-03,0,-0.0019,864
2.853e-03,0,-0.0017,864
2.854e-03,0,-0.0019,864
2.856e-03,0,-0.0019,864
2.858e-03,0,-0.0015,864
2.859e-03,-0.08,-0.0015,864
2.861e-03,0,-0.0015,868
2.862e-03,0,-0.0017,864
2.864e-03,0,-0.0015,864
2.866e-03,0,-0.0015,864
2.867e-03,0,-0.0015,864
2.869e-03,0,-0.0017,864
2.870e-03,0,-0.0013,868
2.872e-03,0,-0.0015,864
2.874e-03,0,-0.0017,868
2.875e-03,0,-0.0015,868
2.877e-03,0,-0.0013,864
2.878e-03,0,-0.0013,868
2.880e-03,0,-0.0013,864
2.882e-03,0,-0.0013,864
2.883e-03,0,-0.0011,868
2.885e-03,0,-0.0013,868
2.886e-03,0,-0.0009,868
2.888e-03,0,-0.0013,868
2.890e-03,0,-0.0007,868
2.891e-03,0,-0.0009,868
2.893e-03,0,-0.0009,868
2.894e-03,0,-0.0011,868
2.896e-03,0,-0.0009,868
2.898e-03,0,-0.0007,868
2.899e-03,0,-0.0009,868
2.901e-03,0.08,-0.0009,868
2.902e-03,0.08,-0.0007,868
2.904e-03,0.08,-0.0009,868
2.906e-03,0.08,-0.0009,868
2.907e-03,0.08,-0.0011,868
2.909e-03,0.08,-0.0007,868
2.910e-03,0.16,-0.0007,868
2.912e-03,0.24,-0.0007,868
2.914e-03,0.32,-0.0009,868
2.915e-03,0.88,-0.0007,868
2.917e-03,5.68,-0.0009,868
2.918e-03,5.44,-0.0007,868
2.920e-03,3.76,-0.0009,872
2.922e-03,2.56,-0.0007,872
2.923e-03,1.76,-0.0005,868
2.925e-03,1.2,-0.0005,872
2.926e-03,0.8,-0.0005,868
2.928e-03,0.56,-0.0007,868
2.930e-03,0.4,-0.0005,872
2.931e-03,0.24,-0.0007,868
2.933e-03,0.16,-0.0007,872
2.934e-03,0.08,-0.0005,872
2.936e-03,0.08,-0.0005,872
2.938e-03,0.08,-0.0005,868
2.939e-03,0,-0.0007,872
2.941e-03,0,-0.0005,872
2.942e-03,0,-0.0005,872
2.944e-03,0,-0.0005,872
2.946e-03,0,-0.0005,872
2.947e-03,0,-0.0005,872
2.949e-03,0,-0.0005,872
2.950e-03,0,-0.0005,872
2.952e-03,0,-0.0003,872
2.954e-03,0,-0.0003,872
2.955e-03,0,-0.0003,872
2.957e-03,0,-0.0005,872
2.958e-03,0,-0.0003,872
2.960e-03,0,-0.0005,872
2.962e-03,0,-0.0005,872
2.963e-03,0,-0.0005,872
2.965e-03,0,-0.0001,872
2.966e-03,0,-0.0003,872
2.968e-03,0,-0.0003,872
2.970e-03,-0.08,-0.0003,876
2.971e-03,0,-0.0003,872
2.973e-03,0,-0.0003,872
2.974e-03,-0.08,-0.0001,872
2.976e-03,0,-0.0003,876
2.978e-03,0,-0.0003,876
2.979e-03,0,-0.0001,876
2.981e-03,0,-0.0003,876
2.982e-03,0,-0.0003,876
2.984e-03,0.08,-0.0001,876
2.986e-03,0.08,-0.0003,876
2.987e-03,0,-0.0001,876
2.989e-03,0,-0.0003,876
2.990e-03,0,-0.0001,876
2.992e-03,0,-0.0003,876
2.994e-03,0,-0.0003,876
2.995e-03,0,-0.0001,876
2.997e-03,0,-0.0001,876
2.998e-03,0,-0.0001,876
3.000e-03,0,-0.0003,876
3.002e-03,0,-0.0003,876
3.003e-03,0,9.99995e-05,876
3.005e-03,0,-0.0005,876
3.006e-03,0,-0.0003,876
3.008e-03,0,-0.0003,876
3.010e-03,0,-0.0001,876
3.011e-03,0.08,-0.0003,876
3.013e-03,0,-0.0001,876
3.014e-03,0,-0.0001,876
3.016e-03,0,-0.0003,876
3.018e-03,0,-0.0001,876
3.019e-03,0.08,-0.0001,876
3.021e-03,0.08,-0.0001,876
3.022e-03,0.08,-0.0001,876
3.024e-03,0.08,-0.0003,876
3.026e-03,0.08,-0.0003,876
3.027e-03,0.16,-0.0001,880
3.029e-03,0.16,-0.0003,880
3.030e-03,0.24,-0.0001,880
3.032e-03,0.56,9.99995e-05,876
3.034e-03,2.8,-0.0003,880
3.035e-03,6.48,-0.0001,880
3.037e-03,4.56,-0.0003,880
3.038e-03,3.12,-0.0001,880
3.040e-03,2.16,-0.0001,880
3.042e-03,1.44,-0.0001,880
3.043e-03,0.96,-0.0003,880
3.045e-03,0.64,-0.0001,880
3.046e-03,0.48,-0.0001,880
3.048e-03,0.32,9.99995e-05,880
3.050e-03,0.16,-0.0001,880
3.051e-03,0.16,9.99995e-05,880
3.053e-03,0.08,-0.0001,880
3.054e-03,0.08,-0.0001,880
3.056e-03,0.08,-0.0001,880
3.058e-03,0,-0.0001,880
3.059e-03,0,-0.0001,880
3.061e-03,0,-0.0003,880
3.062e-03,0,-0.0001,880
3.064e-03,0,-0.0001,880
3.066e-03,0,-0.0003,880
3.067e-03,0,-0.0003,884
3.069e-03,0,-0.0003,880
3.070e-03,0,-0.0003,880
3.072e-03,0,-0.0003,880
3.074e-03,0,-0.0003,884
3.075e-03,0,-0.0001,880
3.077e-03,0,-0.0001,884
3.078e-03,0,-0.0001,880
3.080e-03,0,-0.0001,884
3.082e-03,0,-0.0001,880
3.083e-03,0,-0.0003,884
3.085e-03,0,-0.0003,884
3.086e-03,0,-0.0001,884
3.088e-03,0,-0.0003,884
3.090e-03,0,9.99995e-05,884
3.091e-03,0,-0.0001,884
3.093e-03,0,-0.0003,884
3.094e-03,-0.08,-0.0003,884
3.096e-03,-0.08,9.99995e-05,884
3.098e-03,0,9.99995e-05,884
3.099e-03,0,-0.0003,884
3.101e-03,0,-0.0001,884
3.102e-03,0,-0.0003,884
3.104e-03,0,-0.0001,884
3.106e-03,0.08,-0.0001,884
3.107e-03,0,9.99995e-05,884
3.109e-03,0,-0.0001,884
3.110e-03,0.08,-0.0001,884
3.112e-03,0.08,-0.0003,888
3.114e-03,0.08,-0.0001,884
3.115e-03,0.08,-0.0001,888
3.117e-03,0.08,-0.0003,884
3.118e-03,0.08,-0.0003,888
3.120e-03,0.16,-0.0003,884
3.122e-03,0.24,-0.0003,888
3.123e-03,0.4,-0.0001,884
3.125e-03,1.36,-0.0001,888
3.126e-03,1.6,-0.0001,884
3.128e-03,1.2,-0.0001,888
3.130e-03,0.8,-0.0001,888
3.131e-03,0.56,9.99995e-05,884
3.133e-03,0.4,-0.0001,888
3.134e-03,0.24,-0.0001,888
3.136e-03,0.16,-0.0001,888
3.138e-03,0.08,9.99995e-05,888
3.139e-03,0.08,9.99995e-05,888
3.141e-03,0.08,-0.0001,888
3.142e-03,0,-0.0001,888
3.144e-03,0,-0.0001,888
3.146e-03,0,-0.0001,888
3.147e-03,0,-0.0001,888
3.149e-03,0,-0.0001,888
3.150e-03,0,-0.0001,888
3.152e-03,0,-0.0003,888
3.154e-03,0,-0.0001,888
3.155e-03,0,-0.0001,888
3.157e-03,0,-0.0003,888
3.158e-03,0,9.99995e-05,888
3.160e-03,0,-0.0001,888
3.162e-03,0,-0.0001,888
3.163e-03,0,-0.0001,888
3.165e-03,0,-0.0001,888
3.166e-03,0,-0.0003,888
3.168e-03,0,-0.0003,888
3.170e-03,0,-0.0003,888
3.171e-03,0,-0.0003,888
3.173e-03,0,-0.0003,888
3.174e-03,0,-0.0001,892
3.176e-03,0,-0.0003,888
3.178e-03,0,-0.0003,892
3.179e-03,0,-0.0003,892
3.181e-03,0,-0.0001,888
3.182e-03,0,-0.0001,892
3.184e-03,0,-0.0003,892
3.186e-03,0,-0.0003,888
3.187e-03,0,-0.0003,892
3.189e-03,0,-0.0001,892
3.190e-03,0,-0.0003,892
3.192e-03,0,-0.0001,888
3.194e-03,0.08,-0.0001,892
3.195e-03,0,-0.0005,888
3.197e-03,0.08,-0.0001,892
3.198e-03,0.08,-0.0007,892
3.200e-03,0.08,-0.0001,892
3.202e-03,0.08,-0.0001,892
3.203e-03,0,-0.0003,892
3.205e-03,0.08,-0.0003,892
3.206e-03,0.08,9.99995e-05,892
3.208e-03,0.16,-0.0001,892
3.210e-03,0.16,-0.0003,892
3.211e-03,0.24,-0.0001,892
3.213e-03,0.72,-0.0001,892
3.214e-03,2.96,-0.0003,892
3.216e-03,2.88,-0.0003,892
3.218e-03,2,-0.0001,892
3.219e-03,1.28,9.99995e-05,892
3.221e-03,0.96,-0.0005,892
3.222e-03,0.64,-0.0003,892
3.224e-03,0.4,-0.0005,892
3.226e-03,0.24,-0.0003,892
3.227e-03,0.16,-0.0001,896
3.229e-03,0.08,-0.0003,896
3.230e-03,0.08,-0.0003,896
3.232e-03,0.08,-0.0005,896
3.234e-03,0,-0.0003,896
3.235e-03,0,-0.0003,896
3.237e-03,0,-0.0001,896
3.238e-03,0,-0.0001,896
3.240e-03,0,-0.0003,896
3.242e-03,0,-0.0003,896
3.243e-03,0,-0.0001,896
3.245e-03,0,-0.0003,896
3.246e-03,0,-0.0005,896
3.248e-03,0,-0.0003,896
3.250e-03,0,-0.0005,896
3.251e-03,0,-0.0005,892
3.253e-03,0,-0.0001,896
3.254e-03,0,-0.0003,896
3.256e-03,0,-0.0003,896
3.258e-03,0,-0.0001,896
3.259e-03,0,-0.0003,896
3.261e-03,-0.08,-0.0005,896
3.262e-03,0,-0.0005,896
3.264e-03,0,-0.0003,900
3.266e-03,0,-0.0005,896
3.267e-03,0,-0.0003,892
3.269e-03,0,-0.0003,896
3.270e-03,-0.08,-0.0005,896
3.272e-03,0,-0.0005,896
3.274e-03,0,-0.0003,900
3.275e-03,0,-0.0003,900
3.277e-03,0,-0.0003,900
3.278e-03,0,-0.0005,900
3.280e-03,0,-0.0005,900
3.282e-03,0,-0.0007,896
3.283e-03,0,-0.0005,900
3.285e-03,0,-0.0005,896
3.286e-03,0,-0.0003,900
3.288e-03,0,-0.0007,900
3.290e-03,0.08,-0.0003,900
3.291e-03,0.08,-0.0005,900
3.293e-03,0.08,-0.0005,900
3.294e-03,0.08,-0.0005,900
3.296e-03,0.08,-0.0005,900
3.298e-03,0.16,-0.0005,900
3.299e-03,0.16,-0.0005,900
3.301e-03,0.32,-0.0005,900
3.302e-03,0.56,-0.0007,900
3.304e-03,1.28,-0.0007,900
3.306e-03,1.2,-0.0005,900
3.307e-03,0.8,-0.0005,900
3.309e-03,0.56,-0.0005,900
3.310e-03,0.4,-0.0007,900
3.312e-03,0.24,-0.0007,900
3.314e-03,0.16,-0.0007,904
3.315e-03,0.08,-0.0007,900
3.317e-03,0.08,-0.0007,900
3.318e-03,0,-0.0007,900
3.320e-03,0,-0.0007,904
3.322e-03,-0.08,-0.0009,904
3.323e-03,0,-0.0009,904
3.325e-03,0,-0.0009,904
3.326e-03,0,-0.0009,900
3.328e-03,0,-0.0011,900
3.330e-03,0,-0.0013,904
3.331e-03,-0.08,-0.0013,904
3.333e-03,0,-0.0013,904
3.334e-03,-0.08,-0.0013,904
3.336e-03,0,-0.0013,904
3.338e-03,0,-0.0013,904
3.339e-03,0,-0.0013,904
3.341e-03,0,-0.0019,904
3.342e-03,0,-0.0015,904
3.344e-03,0,-0.0017,904
3.346e-03,-0.08,-0.0019,904
3.347e-03,0,-0.0021,904
3.349e-03,0,-0.0021,904
3.350e-03,0,-0.0023,900
3.352e-03,0,-0.0021,904
3.354e-03,0,-0.0023,904
3.355e-03,0,-0.0027,900
3.357e-03,0,-0.0025,904
3.358e-03,-0.08,-0.0027,904
3.360e-03,0,-0.0029,904
3.362e-03,0,-0.0027,900
3.363e-03,0,-0.0029,904
3.365e-03,0,-0.0033,904
3.366e-03,0,-0.0033,904
3.368e-03,0,-0.0035,904
3.370e-03,0.08,-0.0037,908
3.371e-03,0,-0.0039,908
3.373e-03,0,-0.0043,904
3.374e-03,0.08,-0.0041,904
3.376e-03,0.08,-0.0045,904
3.378e-03,0.08,-0.0047,904
3.379e-03,0.08,-0.0049,904
3.381e-03,0.08,-0.0051,904
3.382e-03,0.08,-0.0053,904
3.384e-03,0.08,-0.0053,904
3.386e-03,0.08,-0.0057,908
3.387e-03,0.24,-0.0059,908
3.389e-03,0.4,-0.0063,908
3.390e-03,1.12,-0.0065,908
3.392e-03,6.32,-0.0065,908
3.394e-03,4.96,-0.0069,908
3.395e-03,3.44,-0.0071,908
3.397e-03,2.32,-0.0073,908
3.398e-03,1.6,-0.0075,908
3.400e-03,1.12,-0.0079,908
3.402e-03,0.72,-0.0085,908
3.403e-03,0.48,-0.0085,908
3.405e-03,0.32,-0.0087,908
3.406e-03,0.24,-0.0093,908
3.408e-03,0.16,-0.0093,908
3.410e-03,0.08,-0.0095,908
3.411e-03,0.08,-0.0099,908
3.413e-03,0.08,-0.0103,908
3.414e-03,0,-0.0107,908
3.416e-03,0,-0.0107,908
3.418e-03,0,-0.0111,908
3.419e-03,0,-0.0115,904
3.421e-03,0,-0.0119,908
3.422e-03,0,-0.0121,912
3.424e-03,0,-0.0123,908
3.426e-03,0,-0.0129,908
3.427e-03,0,-0.0131,908
3.429e-03,0,-0.0133,912
3.430e-03,0,-0.0135,908
3.432e-03,0,-0.0137,908
3.434e-03,0,-0.0145,912
3.435e-03,0,-0.0143,912
3.437e-03,0,-0.0145,912
3.438e-03,0,-0.0151,908
3.440e-03,0,-0.0153,908
3.442e-03,0,-0.0157,912
3.443e-03,0,-0.0157,912
3.445e-03,0,-0.0157,912
3.446e-03,0,-0.0155,912
3.448e-03,0,-0.0155,912
3.450e-03,0,-0.0149,912
3.451e-03,0,-0.0149,912
3.453e-03,0,-0.0145,912
3.454e-03,0,-0.0143,912
3.456e-03,0,-0.0145,912
3.458e-03,0,-0.0141,908
3.459e-03,0,-0.0137,912
3.461e-03,0.08,-0.0137,912
3.462e-03,0,-0.0135,912
3.464e-03,0,-0.0139,912
3.466e-03,0,-0.0137,912
3.467e-03,0.08,-0.0141,912
3.469e-03,0.08,-0.0141,912
3.470e-03,0.08,-0.0143,912
3.472e-03,0.08,-0.0145,916
3.474e-03,0.08,-0.0147,912
3.475e-03,0.16,-0.0151,912
3.477e-03,0.24,-0.0153,912
3.478e-03,0.48,-0.0155,916
3.480e-03,1.6,-0.0157,912
3.482e-03,1.44,-0.0157,912
3.483e-03,0.96,-0.0159,912
3.485e-03,0.64,-0.0161,912
3.486e-03,0.48,-0.0163,912
3.488e-03,0.32,-0.0161,916
3.490e-03,0.16,-0.0165,916
3.491e-03,0.16,-0.0167,916
3.493e-03,0.08,-0.0165,916
3.494e-03,0.08,-0.0165,916
3.496e-03,0.08,-0.0167,916
3.498e-03,0,-0.0165,916
3.499e-03,0,-0.0165,916
3.501e-03,0,-0.0165,916
3.502e-03,0,-0.0167,912
3.504e-03,0,-0.0167,916
3.506e-03,0,-0.0161,916
3.507e-03,0,-0.0165,916
3.509e-03,-0.08,-0.0161,916
3.510e-03,0,-0.0161,916
3.512e-03,0,-0.0159,916
3.514e-03,0,-0.0159,916
3.515e-03,0,-0.0157,916
3.517e-03,0,-0.0157,916
3.518e-03,0,-0.0155,916
3.520e-03,0,-0.0153,916
3.522e-03,0,-0.0151,916
3.523e-03,0,-0.0149,916
3.525e-03,0,-0.0145,916
3.526e-03,0,-0.0145,916
3.528e-03,0,-0.0147,920
3.530e-03,0,-0.0143,920
3.531e-03,0,-0.0141,916
3.533e-03,0,-0.0141,916
3.534e-03,0,-0.0139,916
3.536e-03,0,-0.0137,920
3.538e-03,0,-0.0135,920
3.539e-03,0,-0.0131,916
3.541e-03,0,-0.0135,920
3.542e-03,0,-0.0131,920
3.544e-03,0,-0.0129,920
3.546e-03,0,-0.0125,916
3.547e-03,0,-0.0125,920
3.549e-03,0,-0.0123,920
3.550e-03,0,-0.0119,920
3.552e-03,0.08,-0.0121,920
3.554e-03,0.08,-0.0117,920
3.555e-03,0,-0.0115,920
3.557e-03,0.08,-0.0115,920
3.558e-03,0.08,-0.0111,920
3.560e-03,0.08,-0.0111,920
3.562e-03,0.08,-0.0107,920
3.563e-03,0.16,-0.0107,920
3.565e-03,0.32,-0.0105,920
3.566e-03,0.72,-0.0101,920
3.568e-03,3.04,-0.0101,920
3.570e-03,3.04,-0.0099,924
3.571e-03,2.08,-0.0099,924
3.573e-03,1.44,-0.0097,920
3.574e-03,1.04,-0.0093,924
3.576e-03,0.72,-0.0093,920
3.578e-03,0.48,-0.0093,924
3.579e-03,0.32,-0.0091,924
3.581e-03,0.24,-0.0091,924
3.582e-03,0.16,-0.0089,924
3.584e-03,0.08,-0.0087,924
3.586e-03,0.08,-0.0085,924
3.587e-03,0,-0.0081,924
3.589e-03,0,-0.0083,924
3.590e-03,0,-0.0083,924
3.592e-03,0,-0.0081,924
3.594e-03,0,-0.0079,924
3.595e-03,0,-0.0077,924
3.597e-03,0,-0.0079,924
3.598e-03,0,-0.0075,924
3.600e-03,0,-0.0075,924
3.602e-03,0,-0.0075,924
3.603e-03,0,-0.0073,924
3.605e-03,0,-0.0073,924
3.606e-03,0,-0.0073,924
3.608e-03,0,-0.0069,924
3.610e-03,0,-0.0071,924
3.611e-03,0,-0.0069,924
3.613e-03,0,-0.0069,924
3.614e-03,0,-0.0069,924
3.616e-03,0,-0.0067,924
3.618e-03,0,-0.0067,928
3.619e-03,0,-0.0063,924
3.621e-03,-0.08,-0.0065,928
3.622e-03,0,-0.0063,928
3.624e-03,0,-0.0063,928
3.626e-03,0,-0.0061,924
3.627e-03,0,-0.0061,928
3.629e-03,0,-0.0061,928
3.630e-03,0,-0.0059,924
3.632e-03,0,-0.0059,924
3.634e-03,0,-0.0059,928
3.635e-03,0,-0.0059,928
3.637e-03,0,-0.0055,928
3.638e-03,0,-0.0055,928
3.640e-03,0.08,-0.0057,928
3.642e-03,0.08,-0.0055,928
3.643e-03,0.08,-0.0055,928
3.645e-03,0.08,-0.0057,928
3.646e-03,0.08,-0.0055,928
3.648e-03,0.08,-0.0055,928
3.650e-03,0.16,-0.0053,928
3.651e-03,0.16,-0.0051,928
3.653e-03,0.32,-0.0053,928
3.654e-03,0.64,-0.0049,928
3.656e-03,1.36,-0.0051,928
3.658e-03,1.04,-0.0049,928
3.659e-03,0.72,-0.0049,928
3.661e-03,0.48,-0.0047,928
3.662e-03,0.32,-0.0047,928
3.664e-03,0.24,-0.0047,928
3.666e-03,0.16,-0.0047,928
3.667e-03,0.08,-0.0047,928
3.669e-03,0.08,-0.0047,928
3.670e-03,0.08,-0.0045,928
3.672e-03,0.08,-0.0043,928
3.674e-03,0,-0.0045,932
3.675e-03,0,-0.0043,932
3.677e-03,-0.08,-0.0043,928
3.678e-03,0,-0.0043,928
3.680e-03,0,-0.0041,932
3.682e-03,0,-0.0043,932
3.683e-03,0,-0.0039,932
3.685e-03,0,-0.0043,932
3.686e-03,0,-0.0041,932
3.688e-03,0,-0.0039,932
3.690e-03,0,-0.0041,932
3.691e-03,0,-0.0039,932
3.693e-03,0,-0.0041,932
3.694e-03,0,-0.0037,932
3.696e-03,0,-0.0039,932
3.698e-03,0,-0.0039,932
3.699e-03,0,-0.0037,932
3.701e-03,0,-0.0037,932
3.702e-03,0,-0.0037,932
3.704e-03,0,-0.0037,932
3.706e-03,0,-0.0035,932
3.707e-03,0,-0.0033,932
3.709e-03,0,-0.0035,932
3.710e-03,-0.08,-0.0035,932
3.712e-03,-0.08,-0.0035,932
3.714e-03,0,-0.0035,932
3.715e-03,0,-0.0035,932
3.717e-03,0,-0.0035,932
3.718e-03,0,-0.0035,932
3.720e-03,0,-0.0035,936
3.722e-03,0,-0.0035,932
3.723e-03,0,-0.0035,936
3.725e-03,0,-0.0031,936
3.726e-03,0,-0.0031,936
3.728e-03,0,-0.0033,936
3.730e-03,0.08,-0.0033,936
3.731e-03,0.08,-0.0031,932
3.733e-03,0.08,-0.0033,936
3.734e-03,0.16,-0.0033,932
3.736e-03,0.16,-0.0031,936
3.738e-03,0.24,-0.0029,936
3.739e-03,0.24,-0.0031,936
3.741e-03,0.8,-0.0033,936
3.742e-03,5.76,-0.0033,936
3.744e-03,5.36,-0.0031,936
3.746e-03,3.68,-0.0031,936
3.747e-03,2.48,-0.0027,936
3.749e-03,1.68,-0.0029,936
3.750e-03,1.2,-0.0031,936
3.752e-03,0.8,-0.0029,936
3.754e-03,0.56,-0.0029,936
3.755e-03,0.32,-0.0029,936
3.757e-03,0.24,-0.0027,932
3.758e-03,0.16,-0.0027,940
3.760e-03,0.08,-0.0027,936
3.762e-03,0.08,-0.0025,940
3.763e-03,0,-0.0029,940
3.765e-03,0,-0.0027,936
3.766e-03,0,-0.0027,940
3.768e-03,0,-0.0027,936
3.770e-03,0,-0.0029,936
3.771e-03,-0.08,-0.0029,936
3.773e-03,0,-0.0027,936
3.774e-03,0,-0.0027,936
3.776e-03,0,-0.0025,940
3.778e-03,0,-0.0025,940
3.779e-03,0,-0.0027,940
3.781e-03,-0.08,-0.0025,940
3.782e-03,0,-0.0027,940
3.784e-03,0,-0.0025,940
3.786e-03,0,-0.0025,940
3.787e-03,0,-0.0027,940
3.789e-03,0,-0.0025,940
3.790e-03,0,-0.0025,940
3.792e-03,0,-0.0023,940
3.794e-03,0,-0.0025,940
3.795e-03,0,-0.0023,940
3.797e-03,0,-0.0023,940
3.798e-03,0,-0.0023,940
3.800e-03,0,-0.0023,940
3.802e-03,0,-0.0023,940
3.803e-03,0,-0.0025,940
3.805e-03,0,-0.0025,940
3.806e-03,0,-0.0027,936
3.808e-03,0,-0.0025,940
3.810e-03,0,-0.0023,940
3.811e-03,0,-0.0025,940
3.813e-03,0.08,-0.0025,944
3.814e-03,0.08,-0.0025,940
3.816e-03,0.08,-0.0027,944
3.818e-03,0.08,-0.0023,940
3.819e-03,0.08,-0.0023,940
3.821e-03,0.08,-0.0023,940
3.822e-03,0.08,-0.0023,944
3.824e-03,0.16,-0.0021,944
3.826e-03,0.16,-0.0023,944
3.827e-03,0.32,-0.0023,944
3.829e-03,0.8,-0.0021,944
3.830e-03,1.68,-0.0021,944
3.832e-03,1.28,-0.0023,940
3.834e-03,0.88,-0.0023,940
3.835e-03,0.64,-0.0023,944
3.837e-03,0.4,-0.0025,944
3.838e-03,0.24,-0.0023,944
3.840e-03,0.16,-0.0023,944
3.842e-03,0.16,-0.0023,944
3.843e-03,0.08,-0.0021,944
3.845e-03,0.08,-0.0023,944
3.846e-03,0,-0.0025,944
3.848e-03,0,-0.0025,944
3.850e-03,0,-0.0021,944
3.851e-03,0,-0.0021,944
3.853e-03,0,-0.0021,944
3.854e-03,-0.08,-0.0023,944
3.856e-03,0,-0.0023,940
3.858e-03,0,-0.0023,944
3.859e-03,0,-0.0025,940
3.861e-03,0,-0.0023,944
3.862e-03,0,-0.0023,944
3.864e-03,0,-0.0019,944
3.866e-03,0,-0.0021,948
3.867e-03,0,-0.0023,948
3.869e-03,0,-0.0023,948
3.870e-03,0,-0.0019,944
3.872e-03,0,-0.0023,948
3.874e-03,0,-0.0019,948
3.875e-03,0,-0.0021,944
3.877e-03,0,-0.0023,948
3.878e-03,0,-0.0025,948
3.880e-03,0,-0.0021,944
3.882e-03,0,-0.0021,948
3.883e-03,0,-0.0021,944
3.885e-03,0,-0.0019,948
3.886e-03,0,-0.0021,948
3.888e-03,0,-0.0023,948
3.890e-03,0,-0.0021,948
3.891e-03,0,-0.0023,948
3.893e-03,0,-0.0023,948
3.894e-03,0,-0.0025,948
3.896e-03,0,-0.0023,948
3.898e-03,0,-0.0023,948
3.899e-03,0,-0.0023,948
3.901e-03,0,-0.0025,944
3.902e-03,0.08,-0.0023,948
3.904e-03,0,-0.0021,948
3.906e-03,0.08,-0.0023,948
3.907e-03,0,-0.0023,948
3.909e-03,0.08,-0.0023,948
3.910e-03,0.08,-0.0023,948
3.912e-03,0.08,-0.0023,948
3.914e-03,0.16,-0.0025,948
3.915e-03,0.16,-0.0023,948
3.917e-03,0.24,-0.0027,948
3.918e-03,0.48,-0.0027,948
3.920e-03,1.68,-0.0027,948
3.922e-03,3.92,-0.0027,948
3.923e-03,3.36,-0.0027,948
3.925e-03,2.32,-0.0029,948
3.926e-03,1.6,-0.0029,948
3.928e-03,1.12,-0.0027,948
3.930e-03,0.72,-0.0025,952
3.931e-03,0.56,-0.0029,948
3.933e-03,0.4,-0.0031,948
3.934e-03,0.24,-0.0029,948
3.936e-03,0.16,-0.0031,948
3.938e-03,0.08,-0.0031,948
3.939e-03,0.08,-0.0031,948
3.941e-03,0.08,-0.0033,948
3.942e-03,0,-0.0029,948
3.944e-03,0,-0.0029,948
3.946e-03,0,-0.0029,948
3.947e-03,0,-0.0029,948
3.949e-03,0,-0.0033,952
3.950e-03,0,-0.0029,948
3.952e-03,0,-0.0031,948
3.954e-03,0,-0.0031,948
3.955e-03,0,-0.0031,948
3.957e-03,0,-0.0033,948
3.958e-03,0,-0.0031,948
3.960e-03,0,-0.0031,948
3.962e-03,0,-0.0029,948
3.963e-03,0,-0.0029,948
3.965e-03,0,-0.0031,948
3.966e-03,0,-0.0033,952
3.968e-03,0,-0.0033,948
3.970e-03,0,-0.0033,948
3.971e-03,0,-0.0033,948
3.973e-03,0,-0.0033,948
3.974e-03,0,-0.0031,952
3.976e-03,0,-0.0033,948
3.978e-03,0,-0.0031,948
3.979e-03,-0.08,-0.0033,948
3.981e-03,0,-0.0033,948
3.982e-03,0,-0.0033,948
3.984e-03,0,-0.0033,948
3.986e-03,0,-0.0035,948
3.987e-03,0,-0.0035,948
3.989e-03,-0.08,-0.0037,948
3.990e-03,0,-0.0031,948
3.992e-03,0,-0.0035,948
3.994e-03,0,-0.0033,944
3.995e-03,0,-0.0035,948
3.997e-03,0,-0.0035,948
3.998e-03,0,-0.0035,948
4.000e-03,0,-0.0035,944
4.002e-03,0,-0.0033,948
4.003e-03,0,-0.0033,948
4.005e-03,0,-0.0035,948
4.006e-03,0,-0.0033,948
4.008e-03,0.16,-0.0035,948
4.010e-03,1.44,-0.0033,948
4.011e-03,3.76,-0.0033,948
4.013e-03,3.36,-0.0033,948
4.014e-03,2.56,-0.0031,948
4.016e-03,1.84,-0.0031,948
4.018e-03,1.36,-0.0031,948
4.019e-03,0.96,-0.0037,948
4.021e-03,0.64,-0.0033,944
4.022e-03,0.48,-0.0033,944
4.024e-03,0.4,-0.0033,948
4.026e-03,0.32,-0.0027,948
4.027e-03,0.24,-0.0031,948
4.029e-03,0.16,-0.0029,944
4.030e-03,0.16,-0.0029,944
4.032e-03,0.08,-0.0029,944
4.034e-03,0.08,-0.0029,944
4.035e-03,0.08,-0.0029,944
4.037e-03,0.08,-0.0027,944
4.038e-03,0.08,-0.0031,944
4.040e-03,0,-0.0029,944
4.042e-03,0,-0.0031,944
4.043e-03,0.08,-0.0029,944
4.045e-03,0,-0.0029,944
4.046e-03,0,-0.0029,944
4.048e-03,0,-0.0029,944
4.050e-03,0,-0.0029,940
4.051e-03,0,-0.0027,944
4.053e-03,-0.08,-0.0027,944
4.054e-03,0,-0.0027,944
4.056e-03,0,-0.0029,944
4.058e-03,0,-0.0027,944
4.059e-03,0,-0.0027,944
4.061e-03,0,-0.0027,940
4.062e-03,-0.08,-0.0027,944
4.064e-03,0,-0.0029,944
4.066e-03,0,-0.0025,940
4.067e-03,0,-0.0027,940
4.069e-03,0,-0.0025,940
4.070e-03,0,-0.0023,944
4.072e-03,0,-0.0027,940
4.074e-03,0,-0.0025,940
4.075e-03,0,-0.0025,940
4.077e-03,0,-0.0023,940
4.078e-03,0,-0.0025,940
4.080e-03,-0.08,-0.0027,940
4.082e-03,0,-0.0025,940
4.083e-03,0,-0.0025,940
4.085e-03,0,-0.0025,940
4.086e-03,0,-0.0023,936
4.088e-03,0,-0.0023,940
4.090e-03,0,-0.0025,940
4.091e-03,0,-0.0025,940
4.093e-03,0,-0.0021,940
4.094e-03,0,-0.0025,940
4.096e-03,0,-0.0025,940
4.098e-03,0,-0.0023,940
4.099e-03,0,-0.0023,940
4.101e-03,0,-0.0023,936
4.102e-03,0,-0.0023,936
4.104e-03,0,-0.0025,940
4.106e-03,0.24,-0.0025,940
4.107e-03,1.36,-0.0023,940
4.109e-03,1.52,-0.0023,936
4.110e-03,1.12,-0.0023,936
4.112e-03,0.88,-0.0023,936
4.114e-03,0.72,-0.0023,936
4.115e-03,0.4,-0.0025,936
4.117e-03,0.4,-0.0023,936
4.118e-03,0.24,-0.0021,936
4.120e-03,0.24,-0.0021,936
4.122e-03,0.16,-0.0023,936
4.123e-03,0.16,-0.0023,936
4.125e-03,0.08,-0.0023,936
4.126e-03,0.08,-0.0023,936
4.128e-03,0.08,-0.0023,936
4.130e-03,0.08,-0.0021,936
4.131e-03,0.08,-0.0021,936
4.133e-03,0,-0.0021,936
4.134e-03,0.08,-0.0021,936
4.136e-03,0,-0.0021,936
4.138e-03,0,-0.0019,936
4.139e-03,0,-0.0019,932
4.141e-03,0,-0.0021,936
4.142e-03,0,-0.0019,932
4.144e-03,0,-0.0019,928
4.146e-03,0,-0.0021,932
4.147e-03,0,-0.0019,932
4.149e-03,0,-0.0019,932
4.150e-03,0,-0.0021,932
4.152e-03,0,-0.0021,932

