-3.4800e-03,2.4,0.052,758,,-3.4800e-03,2.4
-3.4720e-03,1.12,0.052,758,,-3.4720e-03,1.12
-3.4640e-03,0.64,0.052,758,,-3.4640e-03,0.64
-3.4560e-03,0.4,0.052,758,,-3.4560e-03,0.4
-3.4480e-03,0.24,0.052,758,,-3.4480e-03,0.24
-3.4400e-03,0.16,0.052,758,,-3.4400e-03,0.16
-3.4320e-03,0.16,0.052,758,,-3.4320e-03,0.16
-3.4240e-03,0.08,0.052,758,,-3.4240e-03,0.08
-3.4160e-03,0.08,0.052,758,,-3.4160e-03,0.08
-3.4080e-03,0.08,0.052,758,,-3.4080e-03,0.08
-3.4000e-03,0.08,0.052,754,,-3.4000e-03,0.08
-3.3920e-03,0.08,0.052,758,,-3.3920e-03,0.08
-3.3840e-03,0.08,0.052,758,,-3.3840e-03,0.08
-3.3760e-03,0.08,0.052,758,,-3.3760e-03,0.08
-3.3680e-03,0.08,0.052,754,,-3.3680e-03,0.08
-3.3600e-03,0,0.052,754,,-3.3600e-03,0
-3.3520e-03,0,0.052,754,,-3.3520e-03,0
-3.3440e-03,0,0.052,754,,-3.3440e-03,0
-3.3360e-03,0,0.052,754,,-3.3360e-03,0
-3.3280e-03,0,0.052,754,,-3.3280e-03,0
-3.3200e-03,0,0.05,754,,-3.3200e-03,0
-3.3120e-03,0,0.052,754,,-3.3120e-03,0
-3.3040e-03,0,0.052,754,,-3.3040e-03,0
-3.2960e-03,0,0.05,754,,-3.2960e-03,0
-3.2880e-03,0,0.05,754,,-3.2880e-03,0
-3.2800e-03,0,0.05,754,,-3.2800e-03,0
-3.2720e-03,0,0.05,754,,-3.2720e-03,0
-3.2640e-03,0,0.05,754,,-3.2640e-03,0
-3.2560e-03,0,0.05,754,,-3.2560e-03,0
-3.2480e-03,-0.08,0.05,754,,-3.2480e-03,-0.08
-3.2400e-03,0,0.05,754,,-3.2400e-03,0
-3.2320e-03,0,0.048,754,,-3.2320e-03,0
-3.2240e-03,-0.08,0.05,750,,-3.2240e-03,-0.08
-3.2160e-03,0,0.05,754,,-3.2160e-03,0
-3.2080e-03,0,0.048,754,,-3.2080e-03,0
-3.2000e-03,0,0.048,750,,-3.2000e-03,0
-3.1920e-03,-0.08,0.048,754,,-3.1920e-03,-0.08
-3.1840e-03,0,0.048,754,,-3.1840e-03,0
-3.1760e-03,-0.08,0.048,754,,-3.1760e-03,-0.08
-3.1680e-03,-0.08,0.048,754,,-3.1680e-03,-0.08
-3.1600e-03,0,0.048,754,,-3.1600e-03,0
-3.1520e-03,0,0.046,750,,-3.1520e-03,0
-3.1440e-03,0,0.048,754,,-3.1440e-03,0
-3.1360e-03,-0.08,0.046,754,,-3.1360e-03,-0.08
-3.1280e-03,0,0.046,754,,-3.1280e-03,0
-3.1200e-03,0,0.046,754,,-3.1200e-03,0
-3.1120e-03,-0.08,0.044,750,,-3.1120e-03,-0.08
-3.1040e-03,0,0.044,754,,-3.1040e-03,0
-3.0960e-03,-0.08,0.044,754,,-3.0960e-03,-0.08
-3.0880e-03,0,0.044,754,,-3.0880e-03,0
-3.0800e-03,-0.08,0.044,750,,-3.0800e-03,-0.08
-3.0720e-03,-0.08,0.044,750,,-3.0720e-03,-0.08
-3.0640e-03,-0.08,0.044,750,,-3.0640e-03,-0.08
-3.0560e-03,0,0.042,754,,-3.0560e-03,0
-3.0480e-03,0,0.042,750,,-3.0480e-03,0
-3.0400e-03,0,0.042,750,,-3.0400e-03,0
-3.0320e-03,-0.08,0.042,750,,-3.0320e-03,-0.08
-3.0240e-03,0,0.042,750,,-3.0240e-03,0
-3.0160e-03,0,0.04,750,,-3.0160e-03,0
-3.0080e-03,0,0.04,750,,-3.0080e-03,0
-3.0000e-03,0,0.04,750,,-3.0000e-03,0
-2.9920e-03,0,0.04,750,,-2.9920e-03,0
-2.9840e-03,-0.08,0.038,750,,-2.9840e-03,-0.08
-2.9760e-03,-0.08,0.038,750,,-2.9760e-03,-0.08
-2.9680e-03,0,0.038,750,,-2.9680e-03,0
-2.9600e-03,0,0.038,750,,-2.9600e-03,0
-2.9520e-03,0,0.038,750,,-2.9520e-03,0
-2.9440e-03,0,0.036,750,,-2.9440e-03,0
-2.9360e-03,0,0.036,750,,-2.9360e-03,0
-2.9280e-03,0,0.034,750,,-2.9280e-03,0
-2.9200e-03,0,0.034,750,,-2.9200e-03,0
-2.9120e-03,-0.08,0.034,750,,-2.9120e-03,-0.08
-2.9040e-03,0,0.034,750,,-2.9040e-03,0
-2.8960e-03,0.32,0.034,750,,-2.8960e-03,0.32
-2.8880e-03,5.04,0.032,750,,-2.8880e-03,5.04
-2.8800e-03,8.16,0.032,746,,-2.8800e-03,8.16
-2.8720e-03,3.04,0.03,750,,-2.8720e-03,3.04
-2.8640e-03,1.12,0.03,750,,-2.8640e-03,1.12
-2.8560e-03,0.56,0.03,750,,-2.8560e-03,0.56
-2.8480e-03,0.24,0.03,750,,-2.8480e-03,0.24
-2.8400e-03,0.24,0.028,750,,-2.8400e-03,0.24
-2.8320e-03,0.16,0.026,750,,-2.8320e-03,0.16
-2.8240e-03,0.08,0.028,750,,-2.8240e-03,0.08
-2.8160e-03,0.08,0.026,750,,-2.8160e-03,0.08
-2.8080e-03,0.08,0.026,750,,-2.8080e-03,0.08
-2.8000e-03,0.08,0.026,750,,-2.8000e-03,0.08
-2.7920e-03,0.08,0.024,746,,-2.7920e-03,0.08
-2.7840e-03,0.08,0.024,750,,-2.7840e-03,0.08
-2.7760e-03,0,0.024,746,,-2.7760e-03,0
-2.7680e-03,0.08,0.022,750,,-2.7680e-03,0.08
-2.7600e-03,0.08,0.022,750,,-2.7600e-03,0.08
-2.7520e-03,0,0.022,746,,-2.7520e-03,0
-2.7440e-03,0,0.02,746,,-2.7440e-03,0
-2.7360e-03,0,0.018,746,,-2.7360e-03,0
-2.7280e-03,0,0.02,746,,-2.7280e-03,0
-2.7200e-03,0,0.018,746,,-2.7200e-03,0
-2.7120e-03,0,0.018,746,,-2.7120e-03,0
-2.7040e-03,0,0.016,746,,-2.7040e-03,0
-2.6960e-03,0,0.016,750,,-2.6960e-03,0
-2.6880e-03,0,0.016,746,,-2.6880e-03,0
-2.6800e-03,0,0.016,746,,-2.6800e-03,0
-2.6720e-03,-0.08,0.016,746,,-2.6720e-03,-0.08
-2.6640e-03,0,0.012,746,,-2.6640e-03,0
-2.6560e-03,0,0.012,746,,-2.6560e-03,0
-2.6480e-03,0,0.012,746,,-2.6480e-03,0
-2.6400e-03,0,0.012,746,,-2.6400e-03,0
-2.6320e-03,0,0.012,746,,-2.6320e-03,0
-2.6240e-03,0,0.012,746,,-2.6240e-03,0
-2.6160e-03,0,0.01,746,,-2.6160e-03,0
-2.6080e-03,0,0.01,746,,-2.6080e-03,0
-2.6000e-03,0,0.01,746,,-2.6000e-03,0
-2.5920e-03,-0.08,0.01,746,,-2.5920e-03,-0.08
-2.5840e-03,-0.08,0.008,746,,-2.5840e-03,-0.08
-2.5760e-03,0,0.008,746,,-2.5760e-03,0
-2.5680e-03,0,0.008,742,,-2.5680e-03,0
-2.5600e-03,0,0.006,746,,-2.5600e-03,0
-2.5520e-03,0,0.008,746,,-2.5520e-03,0
-2.5440e-03,0,0.008,746,,-2.5440e-03,0
-2.5360e-03,0,0.008,746,,-2.5360e-03,0
-2.5280e-03,0,0.006,746,,-2.5280e-03,0
-2.5200e-03,0,0.008,746,,-2.5200e-03,0
-2.5120e-03,0,0.006,746,,-2.5120e-03,0
-2.5040e-03,-0.08,0.006,742,,-2.5040e-03,-0.08
-2.4960e-03,0,0.006,742,,-2.4960e-03,0
-2.4880e-03,-0.08,0.006,742,,-2.4880e-03,-0.08
-2.4800e-03,0,0.008,742,,-2.4800e-03,0
-2.4720e-03,-0.08,0.008,742,,-2.4720e-03,-0.08
-2.4640e-03,-0.08,0.006,742,,-2.4640e-03,-0.08
-2.4560e-03,0,0.008,742,,-2.4560e-03,0
-2.4480e-03,-0.08,0.008,742,,-2.4480e-03,-0.08
-2.4400e-03,-0.08,0.008,742,,-2.4400e-03,-0.08
-2.4320e-03,0,0.008,742,,-2.4320e-03,0
-2.4240e-03,-0.08,0.008,742,,-2.4240e-03,-0.08
-2.4160e-03,0,0.008,742,,-2.4160e-03,0
-2.4080e-03,0,0.01,742,,-2.4080e-03,0
-2.4000e-03,0,0.01,742,,-2.4000e-03,0
-2.3920e-03,0,0.01,742,,-2.3920e-03,0
-2.3840e-03,0,0.01,742,,-2.3840e-03,0
-2.3760e-03,0,0.012,742,,-2.3760e-03,0
-2.3680e-03,0,0.012,742,,-2.3680e-03,0
-2.3600e-03,0,0.012,742,,-2.3600e-03,0
-2.3520e-03,0,0.012,742,,-2.3520e-03,0
-2.3440e-03,0,0.012,742,,-2.3440e-03,0
-2.3360e-03,0,0.012,742,,-2.3360e-03,0
-2.3280e-03,0,0.014,742,,-2.3280e-03,0
-2.3200e-03,0,0.014,742,,-2.3200e-03,0
-2.3120e-03,0.08,0.014,742,,-2.3120e-03,0.08
-2.3040e-03,0.32,0.016,742,,-2.3040e-03,0.32
-2.2960e-03,2.4,0.016,742,,-2.2960e-03,2.4
-2.2880e-03,4.08,0.016,738,,-2.2880e-03,4.08
-2.2800e-03,1.6,0.016,742,,-2.2800e-03,1.6
-2.2720e-03,0.64,0.018,742,,-2.2720e-03,0.64
-2.2640e-03,0.4,0.018,742,,-2.2640e-03,0.4
-2.2560e-03,0.24,0.018,742,,-2.2560e-03,0.24
-2.2480e-03,0.16,0.018,742,,-2.2480e-03,0.16
-2.2400e-03,0.08,0.02,742,,-2.2400e-03,0.08
-2.2320e-03,0.08,0.02,738,,-2.2320e-03,0.08
-2.2240e-03,0.08,0.02,742,,-2.2240e-03,0.08
-2.2160e-03,0.16,0.022,738,,-2.2160e-03,0.16
-2.2080e-03,0,0.022,738,,-2.2080e-03,0
-2.2000e-03,0.08,0.022,742,,-2.2000e-03,0.08
-2.1920e-03,0,0.022,738,,-2.1920e-03,0
-2.1840e-03,0,0.024,738,,-2.1840e-03,0
-2.1760e-03,0,0.024,738,,-2.1760e-03,0
-2.1680e-03,0,0.024,738,,-2.1680e-03,0
-2.1600e-03,0,0.026,738,,-2.1600e-03,0
-2.1520e-03,0,0.026,738,,-2.1520e-03,0
-2.1440e-03,0,0.026,738,,-2.1440e-03,0
-2.1360e-03,0,0.028,738,,-2.1360e-03,0
-2.1280e-03,0,0.026,738,,-2.1280e-03,0
-2.1200e-03,0,0.028,734,,-2.1200e-03,0
-2.1120e-03,0,0.028,738,,-2.1120e-03,0
-2.1040e-03,0,0.03,734,,-2.1040e-03,0
-2.0960e-03,0,0.03,738,,-2.0960e-03,0
-2.0880e-03,0,0.03,738,,-2.0880e-03,0
-2.0800e-03,-0.08,0.03,738,,-2.0800e-03,-0.08
-2.0720e-03,0,0.03,738,,-2.0720e-03,0
-2.0640e-03,0,0.03,738,,-2.0640e-03,0
-2.0560e-03,0,0.032,738,,-2.0560e-03,0
-2.0480e-03,0,0.032,738,,-2.0480e-03,0
-2.0400e-03,-0.08,0.032,738,,-2.0400e-03,-0.08
-2.0320e-03,0,0.032,738,,-2.0320e-03,0
-2.0240e-03,0,0.032,738,,-2.0240e-03,0
-2.0160e-03,0,0.034,738,,-2.0160e-03,0
-2.0080e-03,-0.08,0.036,738,,-2.0080e-03,-0.08
-2.0000e-03,0,0.034,734,,-2.0000e-03,0
-1.9920e-03,-0.08,0.036,738,,-1.9920e-03,-0.08
-1.9840e-03,0,0.036,738,,-1.9840e-03,0
-1.9760e-03,0,0.036,738,,-1.9760e-03,0
-1.9680e-03,0,0.036,734,,-1.9680e-03,0
-1.9600e-03,0,0.038,734,,-1.9600e-03,0
-1.9520e-03,0,0.036,738,,-1.9520e-03,0
-1.9440e-03,-0.08,0.036,738,,-1.9440e-03,-0.08
-1.9360e-03,0,0.038,734,,-1.9360e-03,0
-1.9280e-03,0,0.038,738,,-1.9280e-03,0
-1.9200e-03,0,0.04,734,,-1.9200e-03,0
-1.9120e-03,0,0.038,734,,-1.9120e-03,0
-1.9040e-03,0,0.04,738,,-1.9040e-03,0
-1.8960e-03,-0.08,0.04,734,,-1.8960e-03,-0.08
-1.8880e-03,0,0.04,734,,-1.8880e-03,0
-1.8800e-03,0,0.04,734,,-1.8800e-03,0
-1.8720e-03,0,0.04,734,,-1.8720e-03,0
-1.8640e-03,-0.08,0.04,734,,-1.8640e-03,-0.08
-1.8560e-03,0,0.04,734,,-1.8560e-03,0
-1.8480e-03,0,0.042,734,,-1.8480e-03,0
-1.8400e-03,0,0.042,734,,-1.8400e-03,0
-1.8320e-03,0,0.042,734,,-1.8320e-03,0
-1.8240e-03,0,0.042,734,,-1.8240e-03,0
-1.8160e-03,0,0.042,734,,-1.8160e-03,0
-1.8080e-03,0,0.042,730,,-1.8080e-03,0
-1.8000e-03,-0.08,0.042,734,,-1.8000e-03,-0.08
-1.7920e-03,-0.08,0.042,734,,-1.7920e-03,-0.08
-1.7840e-03,0,0.044,730,,-1.7840e-03,0
-1.7760e-03,0,0.042,734,,-1.7760e-03,0
-1.7680e-03,0,0.042,734,,-1.7680e-03,0
-1.7600e-03,0,0.042,734,,-1.7600e-03,0
-1.7520e-03,0,0.044,730,,-1.7520e-03,0
-1.7440e-03,0,0.044,734,,-1.7440e-03,0
-1.7360e-03,0,0.044,734,,-1.7360e-03,0
-1.7280e-03,0.08,0.044,734,,-1.7280e-03,0.08
-1.7200e-03,0.72,0.044,734,,-1.7200e-03,0.72
-1.7120e-03,10.4,0.044,734,,-1.7120e-03,10.4
-1.7040e-03,14,0.044,734,,-1.7040e-03,14
-1.6960e-03,4,0.044,734,,-1.6960e-03,4
-1.6880e-03,1.36,0.044,734,,-1.6880e-03,1.36
-1.6800e-03,0.56,0.044,734,,-1.6800e-03,0.56
-1.6720e-03,0.32,0.046,734,,-1.6720e-03,0.32
-1.6640e-03,0.24,0.046,730,,-1.6640e-03,0.24
-1.6560e-03,0.24,0.046,734,,-1.6560e-03,0.24
-1.6480e-03,0.16,0.046,730,,-1.6480e-03,0.16
-1.6400e-03,0.08,0.046,734,,-1.6400e-03,0.08
-1.6320e-03,0.08,0.046,730,,-1.6320e-03,0.08
-1.6240e-03,0.08,0.046,730,,-1.6240e-03,0.08
-1.6160e-03,0.08,0.046,734,,-1.6160e-03,0.08
-1.6080e-03,0.08,0.046,730,,-1.6080e-03,0.08
-1.6000e-03,0,0.046,734,,-1.6000e-03,0
-1.5920e-03,0,0.046,734,,-1.5920e-03,0
-1.5840e-03,0,0.046,730,,-1.5840e-03,0
-1.5760e-03,0,0.046,730,,-1.5760e-03,0
-1.5680e-03,0,0.046,730,,-1.5680e-03,0
-1.5600e-03,0,0.046,730,,-1.5600e-03,0
-1.5520e-03,0,0.046,730,,-1.5520e-03,0
-1.5440e-03,0,0.046,730,,-1.5440e-03,0
-1.5360e-03,0,0.046,730,,-1.5360e-03,0
-1.5280e-03,-0.08,0.046,730,,-1.5280e-03,-0.08
-1.5200e-03,-0.08,0.046,730,,-1.5200e-03,-0.08
-1.5120e-03,0,0.046,726,,-1.5120e-03,0
-1.5040e-03,0,0.046,730,,-1.5040e-03,0
-1.4960e-03,0,0.048,726,,-1.4960e-03,0
-1.4880e-03,0,0.048,730,,-1.4880e-03,0
-1.4800e-03,0,0.046,730,,-1.4800e-03,0
-1.4720e-03,0,0.048,730,,-1.4720e-03,0
-1.4640e-03,0,0.046,730,,-1.4640e-03,0
-1.4560e-03,0,0.046,730,,-1.4560e-03,0
-1.4480e-03,0,0.046,730,,-1.4480e-03,0
-1.4400e-03,0,0.046,730,,-1.4400e-03,0
-1.4320e-03,0,0.048,726,,-1.4320e-03,0
-1.4240e-03,0,0.048,730,,-1.4240e-03,0
-1.4160e-03,0,0.048,730,,-1.4160e-03,0
-1.4080e-03,-0.08,0.048,730,,-1.4080e-03,-0.08
-1.4000e-03,0,0.048,726,,-1.4000e-03,0
-1.3920e-03,-0.08,0.046,730,,-1.3920e-03,-0.08
-1.3840e-03,0,0.048,726,,-1.3840e-03,0
-1.3760e-03,-0.08,0.048,730,,-1.3760e-03,-0.08
-1.3680e-03,0,0.048,726,,-1.3680e-03,0
-1.3600e-03,-0.08,0.048,726,,-1.3600e-03,-0.08
-1.3520e-03,0,0.048,726,,-1.3520e-03,0
-1.3440e-03,0,0.048,726,,-1.3440e-03,0
-1.3360e-03,0,0.048,726,,-1.3360e-03,0
-1.3280e-03,0,0.048,726,,-1.3280e-03,0
-1.3200e-03,0,0.046,726,,-1.3200e-03,0
-1.3120e-03,0,0.048,726,,-1.3120e-03,0
-1.3040e-03,0,0.048,726,,-1.3040e-03,0
-1.2960e-03,-0.08,0.048,726,,-1.2960e-03,-0.08
-1.2880e-03,0,0.046,726,,-1.2880e-03,0
-1.2800e-03,0,0.048,726,,-1.2800e-03,0
-1.2720e-03,-0.08,0.048,726,,-1.2720e-03,-0.08
-1.2640e-03,-0.08,0.048,726,,-1.2640e-03,-0.08
-1.2560e-03,0,0.048,726,,-1.2560e-03,0
-1.2480e-03,0,0.048,726,,-1.2480e-03,0
-1.2400e-03,0,0.048,726,,-1.2400e-03,0
-1.2320e-03,0,0.046,726,,-1.2320e-03,0
-1.2240e-03,-0.08,0.048,726,,-1.2240e-03,-0.08
-1.2160e-03,-0.08,0.048,726,,-1.2160e-03,-0.08
-1.2080e-03,0,0.048,726,,-1.2080e-03,0
-1.2000e-03,-0.08,0.048,726,,-1.2000e-03,-0.08
-1.1920e-03,0,0.048,726,,-1.1920e-03,0
-1.1840e-03,0,0.046,726,,-1.1840e-03,0
-1.1760e-03,-0.08,0.048,726,,-1.1760e-03,-0.08
-1.1680e-03,0,0.048,726,,-1.1680e-03,0
-1.1600e-03,0,0.048,726,,-1.1600e-03,0
-1.1520e-03,0,0.048,726,,-1.1520e-03,0
-1.1440e-03,0.24,0.048,726,,-1.1440e-03,0.24
-1.1360e-03,2.32,0.048,726,,-1.1360e-03,2.32
-1.1280e-03,2.4,0.048,726,,-1.1280e-03,2.4
-1.1200e-03,1.04,0.048,726,,-1.1200e-03,1.04
-1.1120e-03,0.56,0.048,726,,-1.1120e-03,0.56
-1.1040e-03,0.32,0.048,726,,-1.1040e-03,0.32
-1.0960e-03,0.24,0.048,722,,-1.0960e-03,0.24
-1.0880e-03,0.08,0.048,726,,-1.0880e-03,0.08
-1.0800e-03,0.08,0.048,722,,-1.0800e-03,0.08
-1.0720e-03,0.08,0.048,726,,-1.0720e-03,0.08
-1.0640e-03,0.08,0.048,722,,-1.0640e-03,0.08
-1.0560e-03,0.08,0.048,726,,-1.0560e-03,0.08
-1.0480e-03,0.08,0.048,726,,-1.0480e-03,0.08
-1.0400e-03,0.08,0.048,726,,-1.0400e-03,0.08
-1.0320e-03,0.08,0.046,722,,-1.0320e-03,0.08
-1.0240e-03,0,0.048,722,,-1.0240e-03,0
-1.0160e-03,0.08,0.048,722,,-1.0160e-03,0.08
-1.0080e-03,0.08,0.048,722,,-1.0080e-03,0.08
-1.0000e-03,0,0.048,726,,-1.0000e-03,0
-9.9200e-04,0,0.048,722,,-9.9200e-04,0
-9.8400e-04,0.08,0.048,722,,-9.8400e-04,0.08
-9.7600e-04,0.08,0.048,722,,-9.7600e-04,0.08
-9.6800e-04,0.08,0.048,726,,-9.6800e-04,0.08
-9.6000e-04,0.08,0.048,726,,-9.6000e-04,0.08
-9.5200e-04,0,0.048,726,,-9.5200e-04,0
-9.4400e-04,0.08,0.048,726,,-9.4400e-04,0.08
-9.3600e-04,0,0.048,726,,-9.3600e-04,0
-9.2800e-04,0.08,0.046,726,,-9.2800e-04,0.08
-9.2000e-04,0.08,0.046,726,,-9.2000e-04,0.08
-9.1200e-04,0.16,0.048,726,,-9.1200e-04,0.16
-9.0400e-04,0.32,0.046,726,,-9.0400e-04,0.32
-8.9600e-04,0.48,0.048,726,,-8.9600e-04,0.48
-8.8800e-04,1.28,0.048,722,,-8.8800e-04,1.28
-8.8000e-04,2.72,0.048,726,,-8.8000e-04,2.72
-8.7200e-04,1.04,0.046,726,,-8.7200e-04,1.04
-8.6400e-04,0.24,0.046,726,,-8.6400e-04,0.24
-8.5600e-04,0,0.046,726,,-8.5600e-04,0
-8.4800e-04,0,0.048,726,,-8.4800e-04,0
-8.4000e-04,0,0.048,726,,-8.4000e-04,0
-8.3200e-04,0,0.046,726,,-8.3200e-04,0
-8.2400e-04,0,0.046,726,,-8.2400e-04,0
-8.1600e-04,0,0.046,726,,-8.1600e-04,0
-8.0800e-04,0,0.046,726,,-8.0800e-04,0
-8.0000e-04,0,0.046,726,,-8.0000e-04,0
-7.9200e-04,-0.08,0.046,726,,-7.9200e-04,-0.08
-7.8400e-04,0,0.046,726,,-7.8400e-04,0
-7.7600e-04,0,0.046,726,,-7.7600e-04,0
-7.6800e-04,0,0.046,726,,-7.6800e-04,0
-7.6000e-04,0,0.046,726,,-7.6000e-04,0
-7.5200e-04,-0.08,0.046,726,,-7.5200e-04,-0.08
-7.4400e-04,0,0.046,726,,-7.4400e-04,0
-7.3600e-04,0,0.046,730,,-7.3600e-04,0
-7.2800e-04,-0.08,0.046,726,,-7.2800e-04,-0.08
-7.2000e-04,0,0.046,730,,-7.2000e-04,0
-7.1200e-04,-0.08,0.046,726,,-7.1200e-04,-0.08
-7.0400e-04,0,0.046,730,,-7.0400e-04,0
-6.9600e-04,0,0.046,726,,-6.9600e-04,0
-6.8800e-04,0,0.046,730,,-6.8800e-04,0
-6.8000e-04,0,0.046,726,,-6.8000e-04,0
-6.7200e-04,0,0.044,726,,-6.7200e-04,0
-6.6400e-04,0,0.046,730,,-6.6400e-04,0
-6.5600e-04,0,0.046,730,,-6.5600e-04,0
-6.4800e-04,-0.08,0.046,730,,-6.4800e-04,-0.08
-6.4000e-04,-0.08,0.046,730,,-6.4000e-04,-0.08
-6.3200e-04,-0.08,0.046,730,,-6.3200e-04,-0.08
-6.2400e-04,-0.08,0.046,730,,-6.2400e-04,-0.08
-6.1600e-04,0,0.046,730,,-6.1600e-04,0
-6.0800e-04,0,0.046,730,,-6.0800e-04,0
-6.0000e-04,0,0.046,730,,-6.0000e-04,0
-5.9200e-04,0,0.046,730,,-5.9200e-04,0
-5.8400e-04,0,0.046,726,,-5.8400e-04,0
-5.7600e-04,-0.08,0.046,730,,-5.7600e-04,-0.08
-5.6800e-04,0,0.046,730,,-5.6800e-04,0
-5.6000e-04,-0.08,0.044,730,,-5.6000e-04,-0.08
-5.5200e-04,-0.08,0.046,730,,-5.5200e-04,-0.08
-5.4400e-04,0,0.044,730,,-5.4400e-04,0
-5.3600e-04,0,0.044,730,,-5.3600e-04,0
-5.2800e-04,0,0.046,730,,-5.2800e-04,0
-5.2000e-04,0,0.046,730,,-5.2000e-04,0
-5.1200e-04,0,0.044,730,,-5.1200e-04,0
-5.0400e-04,0,0.044,730,,-5.0400e-04,0
-4.9600e-04,0,0.046,730,,-4.9600e-04,0
-4.8800e-04,0,0.046,730,,-4.8800e-04,0
-4.8000e-04,0,0.044,730,,-4.8000e-04,0
-4.7200e-04,0,0.044,730,,-4.7200e-04,0
-4.6400e-04,-0.08,0.046,730,,-4.6400e-04,-0.08
-4.5600e-04,0,0.044,730,,-4.5600e-04,0
-4.4800e-04,0,0.044,734,,-4.4800e-04,0
-4.4000e-04,0,0.044,734,,-4.4000e-04,0
-4.3200e-04,0,0.044,734,,-4.3200e-04,0
-4.2400e-04,0,0.044,730,,-4.2400e-04,0
-4.1600e-04,0,0.042,734,,-4.1600e-04,0
-4.0800e-04,0,0.044,730,,-4.0800e-04,0
-4.0000e-04,0,0.044,730,,-4.0000e-04,0
-3.9200e-04,0.08,0.044,734,,-3.9200e-04,0.08
-3.8400e-04,0.08,0.044,734,,-3.8400e-04,0.08
-3.7600e-04,0.08,0.044,734,,-3.7600e-04,0.08
-3.6800e-04,0.08,0.044,734,,-3.6800e-04,0.08
-3.6000e-04,0.08,0.044,734,,-3.6000e-04,0.08
-3.5200e-04,0.08,0.044,734,,-3.5200e-04,0.08
-3.4400e-04,0.08,0.044,734,,-3.4400e-04,0.08
-3.3600e-04,0.16,0.044,734,,-3.3600e-04,0.16
-3.2800e-04,0.16,0.044,734,,-3.2800e-04,0.16
-3.2000e-04,0.24,0.044,734,,-3.2000e-04,0.24
-3.1200e-04,0.4,0.044,734,,-3.1200e-04,0.4
-3.0400e-04,0.8,0.042,734,,-3.0400e-04,0.8
-2.9600e-04,1.68,0.044,734,,-2.9600e-04,1.68
-2.8800e-04,9.84,0.042,734,,-2.8800e-04,9.84
-2.8000e-04,15.84,0.044,730,,-2.8000e-04,15.84
-2.7200e-04,3.6,0.042,734,,-2.7200e-04,3.6
-2.6400e-04,0.72,0.042,730,,-2.6400e-04,0.72
-2.5600e-04,0.16,0.042,734,,-2.5600e-04,0.16
-2.4800e-04,0,0.042,734,,-2.4800e-04,0
-2.4000e-04,0,0.042,734,,-2.4000e-04,0
-2.3200e-04,0,0.042,734,,-2.3200e-04,0
-2.2400e-04,-0.08,0.042,734,,-2.2400e-04,-0.08
-2.1600e-04,0,0.042,734,,-2.1600e-04,0
-2.0800e-04,0,0.042,734,,-2.0800e-04,0
-2.0000e-04,0,0.042,734,,-2.0000e-04,0
-1.9200e-04,0,0.042,734,,-1.9200e-04,0
-1.8400e-04,0,0.04,738,,-1.8400e-04,0
-1.7600e-04,0,0.04,734,,-1.7600e-04,0
-1.6800e-04,0,0.04,734,,-1.6800e-04,0
-1.6000e-04,0,0.04,738,,-1.6000e-04,0
-1.5200e-04,0,0.04,738,,-1.5200e-04,0
-1.4400e-04,-0.08,0.04,734,,-1.4400e-04,-0.08
-1.3600e-04,-0.08,0.04,734,,-1.3600e-04,-0.08
-1.2800e-04,0,0.04,738,,-1.2800e-04,0
-1.2000e-04,-0.08,0.04,734,,-1.2000e-04,-0.08
-1.1200e-04,0,0.04,738,,-1.1200e-04,0
-1.0400e-04,0,0.04,738,,-1.0400e-04,0
-9.6000e-05,-0.08,0.04,738,,-9.6000e-05,-0.08
-8.8000e-05,-0.08,0.038,738,,-8.8000e-05,-0.08
-8.0000e-05,0,0.038,738,,-8.0000e-05,0
-7.2000e-05,0,0.038,738,,-7.2000e-05,0
-6.4000e-05,0,0.038,738,,-6.4000e-05,0
-5.6000e-05,-0.08,0.038,738,,-5.6000e-05,-0.08
-4.8000e-05,0,0.038,738,,-4.8000e-05,0
-4.0000e-05,0,0.038,738,,-4.0000e-05,0
-3.2000e-05,0,0.038,738,,-3.2000e-05,0
-2.4000e-05,0,0.038,738,,-2.4000e-05,0
-1.6000e-05,0,0.038,738,,-1.6000e-05,0
-8.0000e-06,0,0.036,738,,-8.0000e-06,0
3.1798e-17,-0.08,0.036,738,,3.1798e-17,-0.08
8.0000e-06,-0.08,0.036,738,,8.0000e-06,-0.08
1.6000e-05,0,0.036,738,,1.6000e-05,0
2.4000e-05,-0.08,0.036,738,,2.4000e-05,-0.08
3.2000e-05,0,0.036,738,,3.2000e-05,0
4.0000e-05,0,0.036,738,,4.0000e-05,0
4.8000e-05,0,0.034,738,,4.8000e-05,0
5.6000e-05,0,0.034,738,,5.6000e-05,0
6.4000e-05,0,0.034,738,,6.4000e-05,0
7.2000e-05,-0.08,0.034,738,,7.2000e-05,-0.08
8.0000e-05,-0.08,0.032,738,,8.0000e-05,-0.08
8.8000e-05,0,0.032,738,,8.8000e-05,0
9.6000e-05,0,0.034,738,,9.6000e-05,0
1.0400e-04,0,0.032,738,,1.0400e-04,0
1.1200e-04,0,0.032,742,,1.1200e-04,0
1.2000e-04,-0.08,0.032,738,,1.2000e-04,-0.08
1.2800e-04,0,0.032,738,,1.2800e-04,0
1.3600e-04,0,0.032,738,,1.3600e-04,0
1.4400e-04,0,0.032,742,,1.4400e-04,0
1.5200e-04,0,0.03,738,,1.5200e-04,0
1.6000e-04,-0.08,0.03,738,,1.6000e-04,-0.08
1.6800e-04,-0.08,0.03,742,,1.6800e-04,-0.08
1.7600e-04,0,0.03,742,,1.7600e-04,0
1.8400e-04,0,0.03,742,,1.8400e-04,0
1.9200e-04,0,0.028,742,,1.9200e-04,0
2.0000e-04,0,0.028,742,,2.0000e-04,0
2.0800e-04,0,0.028,742,,2.0800e-04,0
2.1600e-04,0,0.026,742,,2.1600e-04,0
2.2400e-04,0,0.026,742,,2.2400e-04,0
2.3200e-04,0.08,0.026,738,,2.3200e-04,0.08
2.4000e-04,0.08,0.026,742,,2.4000e-04,0.08
2.4800e-04,0.08,0.026,742,,2.4800e-04,0.08
2.5600e-04,0.08,0.026,742,,2.5600e-04,0.08
2.6400e-04,0.08,0.022,742,,2.6400e-04,0.08
2.7200e-04,0.08,0.024,742,,2.7200e-04,0.08
2.8000e-04,0.08,0.024,742,,2.8000e-04,0.08
2.8800e-04,0.16,0.024,742,,2.8800e-04,0.16
2.9600e-04,0.24,0.022,742,,2.9600e-04,0.24
3.0400e-04,0.4,0.022,742,,3.0400e-04,0.4
3.1200e-04,0.48,0.022,742,,3.1200e-04,0.48
3.2000e-04,1.36,0.022,742,,3.2000e-04,1.36
3.2800e-04,4.16,0.02,742,,3.2800e-04,4.16
3.3600e-04,2.4,0.02,742,,3.3600e-04,2.4
3.4400e-04,0.56,0.018,742,,3.4400e-04,0.56
3.5200e-04,0.16,0.018,742,,3.5200e-04,0.16
3.6000e-04,0.08,0.018,742,,3.6000e-04,0.08
3.6800e-04,0,0.018,746,,3.6800e-04,0
3.7600e-04,0,0.018,742,,3.7600e-04,0
3.8400e-04,0,0.018,742,,3.8400e-04,0
3.9200e-04,-0.08,0.016,746,,3.9200e-04,-0.08
4.0000e-04,0,0.016,742,,4.0000e-04,0
4.0800e-04,0,0.016,746,,4.0800e-04,0
4.1600e-04,-0.08,0.014,742,,4.1600e-04,-0.08
4.2400e-04,0,0.014,746,,4.2400e-04,0
4.3200e-04,0,0.014,742,,4.3200e-04,0
4.4000e-04,0,0.014,746,,4.4000e-04,0
4.4800e-04,0,0.012,746,,4.4800e-04,0
4.5600e-04,-0.08,0.012,746,,4.5600e-04,-0.08
4.6400e-04,0,0.012,746,,4.6400e-04,0
4.7200e-04,0,0.012,746,,4.7200e-04,0
4.8000e-04,0,0.008,746,,4.8000e-04,0
4.8800e-04,0,0.01,746,,4.8800e-04,0
4.9600e-04,0,0.01,746,,4.9600e-04,0
5.0400e-04,-0.08,0.008,746,,5.0400e-04,-0.08
5.1200e-04,-0.08,0.008,746,,5.1200e-04,-0.08
5.2000e-04,0,0.008,746,,5.2000e-04,0
5.2800e-04,-0.08,0.008,746,,5.2800e-04,-0.08
5.3600e-04,0,0.006,746,,5.3600e-04,0
5.4400e-04,-0.08,0.006,746,,5.4400e-04,-0.08
5.5200e-04,0,0.006,746,,5.5200e-04,0
5.6000e-04,0,0.006,746,,5.6000e-04,0
5.6800e-04,-0.08,0.004,742,,5.6800e-04,-0.08
5.7600e-04,-0.08,0.004,746,,5.7600e-04,-0.08
5.8400e-04,-0.08,0.004,746,,5.8400e-04,-0.08
5.9200e-04,0,0.004,746,,5.9200e-04,0
6.0000e-04,0,0.004,746,,6.0000e-04,0
6.0800e-04,0,0.002,746,,6.0800e-04,0
6.1600e-04,0,0.002,746,,6.1600e-04,0
6.2400e-04,-0.08,0.002,746,,6.2400e-04,-0.08
6.3200e-04,0,-4.76837e-09,746,,6.3200e-04,0
6.4000e-04,0,-4.76837e-09,750,,6.4000e-04,0
6.4800e-04,0,0.002,746,,6.4800e-04,0
6.5600e-04,0,0.002,746,,6.5600e-04,0
6.6400e-04,-0.08,0.002,746,,6.6400e-04,-0.08
6.7200e-04,0,0.002,750,,6.7200e-04,0
6.8000e-04,0,-4.76837e-09,746,,6.8000e-04,0
6.8800e-04,0,-4.76837e-09,750,,6.8800e-04,0
6.9600e-04,0,-4.76837e-09,750,,6.9600e-04,0
7.0400e-04,0,0.002,746,,7.0400e-04,0
7.1200e-04,0,0.002,750,,7.1200e-04,0
7.2000e-04,0,0.002,746,,7.2000e-04,0
7.2800e-04,0,0.002,750,,7.2800e-04,0
7.3600e-04,0,0.002,746,,7.3600e-04,0
7.4400e-04,0,0.002,750,,7.4400e-04,0
7.5200e-04,0,0.002,750,,7.5200e-04,0
7.6000e-04,0,0.002,750,,7.6000e-04,0
7.6800e-04,0,0.002,750,,7.6800e-04,0
7.7600e-04,0,0.002,750,,7.7600e-04,0
7.8400e-04,0,0.004,750,,7.8400e-04,0
7.9200e-04,0,0.004,750,,7.9200e-04,0
8.0000e-04,0,0.004,750,,8.0000e-04,0
8.0800e-04,0,0.004,750,,8.0800e-04,0
8.1600e-04,0,0.006,750,,8.1600e-04,0
8.2400e-04,0.08,0.006,750,,8.2400e-04,0.08
8.3200e-04,0.08,0.006,750,,8.3200e-04,0.08
8.4000e-04,0.08,0.006,750,,8.4000e-04,0.08
8.4800e-04,0.08,0.008,750,,8.4800e-04,0.08
8.5600e-04,0.08,0.008,750,,8.5600e-04,0.08
8.6400e-04,0.08,0.008,750,,8.6400e-04,0.08
8.7200e-04,0.08,0.008,750,,8.7200e-04,0.08
8.8000e-04,0.08,0.01,750,,8.8000e-04,0.08
8.8800e-04,0.08,0.01,750,,8.8800e-04,0.08
8.9600e-04,0.16,0.012,750,,8.9600e-04,0.16
9.0400e-04,0.16,0.012,750,,9.0400e-04,0.16
9.1200e-04,0.24,0.012,750,,9.1200e-04,0.24
9.2000e-04,0.56,0.01,750,,9.2000e-04,0.56
9.2800e-04,1.12,0.012,750,,9.2800e-04,1.12
9.3600e-04,4.16,0.014,750,,9.3600e-04,4.16
9.4400e-04,8.8,0.014,750,,9.4400e-04,8.8
9.5200e-04,3.04,0.014,750,,9.5200e-04,3.04
9.6000e-04,0.56,0.016,750,,9.6000e-04,0.56
9.6800e-04,0.08,0.016,750,,9.6800e-04,0.08
9.7600e-04,0,0.016,750,,9.7600e-04,0
9.8400e-04,0,0.018,754,,9.8400e-04,0
9.9200e-04,0,0.018,750,,9.9200e-04,0
1.0000e-03,-0.08,0.018,754,,1.0000e-03,-0.08
1.0080e-03,-0.08,0.02,750,,1.0080e-03,-0.08
1.0160e-03,-0.08,0.02,750,,1.0160e-03,-0.08
1.0240e-03,-0.08,0.02,754,,1.0240e-03,-0.08
1.0320e-03,0,0.022,754,,1.0320e-03,0
1.0400e-03,0,0.022,754,,1.0400e-03,0
1.0480e-03,-0.08,0.022,754,,1.0480e-03,-0.08
1.0560e-03,0,0.022,754,,1.0560e-03,0
1.0640e-03,0,0.024,754,,1.0640e-03,0
1.0720e-03,0,0.024,754,,1.0720e-03,0
1.0800e-03,0,0.024,754,,1.0800e-03,0
1.0880e-03,0,0.024,754,,1.0880e-03,0
1.0960e-03,0,0.026,754,,1.0960e-03,0
1.1040e-03,-0.08,0.026,754,,1.1040e-03,-0.08
1.1120e-03,-0.08,0.026,754,,1.1120e-03,-0.08
1.1200e-03,0,0.028,750,,1.1200e-03,0
1.1280e-03,0,0.028,754,,1.1280e-03,0
1.1360e-03,0,0.028,754,,1.1360e-03,0
1.1440e-03,0,0.028,754,,1.1440e-03,0
1.1520e-03,0,0.028,750,,1.1520e-03,0
1.1600e-03,0,0.03,754,,1.1600e-03,0
1.1680e-03,0,0.03,754,,1.1680e-03,0
1.1760e-03,0,0.03,754,,1.1760e-03,0
1.1840e-03,0,0.03,754,,1.1840e-03,0
1.1920e-03,-0.08,0.03,754,,1.1920e-03,-0.08
1.2000e-03,-0.08,0.032,754,,1.2000e-03,-0.08
1.2080e-03,-0.08,0.032,754,,1.2080e-03,-0.08
1.2160e-03,0,0.032,754,,1.2160e-03,0
1.2240e-03,0,0.032,754,,1.2240e-03,0
1.2320e-03,0,0.032,754,,1.2320e-03,0
1.2400e-03,-0.08,0.034,754,,1.2400e-03,-0.08
1.2480e-03,0,0.034,754,,1.2480e-03,0
1.2560e-03,0,0.034,754,,1.2560e-03,0
1.2640e-03,0,0.032,754,,1.2640e-03,0
1.2720e-03,0,0.034,754,,1.2720e-03,0
1.2800e-03,0,0.036,754,,1.2800e-03,0
1.2880e-03,0,0.036,754,,1.2880e-03,0
1.2960e-03,0,0.036,754,,1.2960e-03,0
1.3040e-03,0,0.036,758,,1.3040e-03,0
1.3120e-03,0,0.036,754,,1.3120e-03,0
1.3200e-03,0,0.036,758,,1.3200e-03,0
1.3280e-03,0,0.036,758,,1.3280e-03,0
1.3360e-03,-0.08,0.036,758,,1.3360e-03,-0.08
1.3440e-03,0,0.036,758,,1.3440e-03,0
1.3520e-03,0,0.036,758,,1.3520e-03,0
1.3600e-03,0,0.036,758,,1.3600e-03,0
1.3680e-03,0,0.036,758,,1.3680e-03,0
1.3760e-03,0,0.038,758,,1.3760e-03,0
1.3840e-03,0,0.038,758,,1.3840e-03,0
1.3920e-03,0,0.038,758,,1.3920e-03,0
1.4000e-03,0,0.036,758,,1.4000e-03,0
1.4080e-03,0,0.038,758,,1.4080e-03,0
1.4160e-03,0,0.038,758,,1.4160e-03,0
1.4240e-03,0,0.038,754,,1.4240e-03,0
1.4320e-03,0.08,0.038,758,,1.4320e-03,0.08
1.4400e-03,0,0.038,758,,1.4400e-03,0
1.4480e-03,0.08,0.038,758,,1.4480e-03,0.08
1.4560e-03,0.08,0.038,758,,1.4560e-03,0.08
1.4640e-03,0.08,0.038,758,,1.4640e-03,0.08
1.4720e-03,0.08,0.038,754,,1.4720e-03,0.08
1.4800e-03,0.08,0.038,758,,1.4800e-03,0.08
1.4880e-03,0.08,0.038,758,,1.4880e-03,0.08
1.4960e-03,0.08,0.038,758,,1.4960e-03,0.08
1.5040e-03,0.16,0.038,758,,1.5040e-03,0.16
1.5120e-03,0.16,0.038,758,,1.5120e-03,0.16
1.5200e-03,0.32,0.038,758,,1.5200e-03,0.32
1.5280e-03,0.48,0.038,758,,1.5280e-03,0.48
1.5360e-03,0.72,0.038,758,,1.5360e-03,0.72
1.5440e-03,1.84,0.038,758,,1.5440e-03,1.84
1.5520e-03,2.88,0.038,758,,1.5520e-03,2.88
1.5600e-03,1.44,0.038,758,,1.5600e-03,1.44
1.5680e-03,0.32,0.038,758,,1.5680e-03,0.32
1.5760e-03,0.08,0.038,762,,1.5760e-03,0.08
1.5840e-03,0,0.038,762,,1.5840e-03,0
1.5920e-03,0,0.038,762,,1.5920e-03,0
1.6000e-03,0,0.038,762,,1.6000e-03,0
1.6080e-03,-0.08,0.038,762,,1.6080e-03,-0.08
1.6160e-03,-0.08,0.036,762,,1.6160e-03,-0.08
1.6240e-03,0,0.038,762,,1.6240e-03,0
1.6320e-03,-0.08,0.036,762,,1.6320e-03,-0.08
1.6400e-03,0,0.036,762,,1.6400e-03,0
1.6480e-03,0,0.036,762,,1.6480e-03,0
1.6560e-03,0,0.036,762,,1.6560e-03,0
1.6640e-03,0,0.036,762,,1.6640e-03,0
1.6720e-03,0,0.036,762,,1.6720e-03,0
1.6800e-03,-0.08,0.036,762,,1.6800e-03,-0.08
1.6880e-03,0,0.034,762,,1.6880e-03,0
1.6960e-03,0,0.036,762,,1.6960e-03,0
1.7040e-03,0,0.034,762,,1.7040e-03,0
1.7120e-03,0,0.034,762,,1.7120e-03,0
1.7200e-03,-0.08,0.034,762,,1.7200e-03,-0.08
1.7280e-03,0,0.032,762,,1.7280e-03,0
1.7360e-03,0,0.032,762,,1.7360e-03,0
1.7440e-03,0,0.032,762,,1.7440e-03,0
1.7520e-03,0,0.032,762,,1.7520e-03,0
1.7600e-03,0,0.032,762,,1.7600e-03,0
1.7680e-03,0,0.032,762,,1.7680e-03,0
1.7760e-03,0,0.03,762,,1.7760e-03,0
1.7840e-03,-0.08,0.03,762,,1.7840e-03,-0.08
1.7920e-03,0,0.03,762,,1.7920e-03,0
1.8000e-03,0,0.028,762,,1.8000e-03,0
1.8080e-03,-0.08,0.028,762,,1.8080e-03,-0.08
1.8160e-03,0,0.028,762,,1.8160e-03,0
1.8240e-03,0,0.026,766,,1.8240e-03,0
1.8320e-03,0,0.026,762,,1.8320e-03,0
1.8400e-03,0,0.024,762,,1.8400e-03,0
1.8480e-03,0,0.022,762,,1.8480e-03,0
1.8560e-03,0,0.024,762,,1.8560e-03,0
1.8640e-03,0,0.022,766,,1.8640e-03,0
1.8720e-03,0,0.022,762,,1.8720e-03,0
1.8800e-03,0,0.02,762,,1.8800e-03,0
1.8880e-03,0,0.02,762,,1.8880e-03,0
1.8960e-03,0,0.018,766,,1.8960e-03,0
1.9040e-03,0,0.016,766,,1.9040e-03,0
1.9120e-03,0,0.018,762,,1.9120e-03,0
1.9200e-03,0,0.016,766,,1.9200e-03,0
1.9280e-03,0,0.014,766,,1.9280e-03,0
1.9360e-03,0,0.014,766,,1.9360e-03,0
1.9440e-03,0,0.012,766,,1.9440e-03,0
1.9520e-03,0,0.008,766,,1.9520e-03,0
1.9600e-03,0,0.008,766,,1.9600e-03,0
1.9680e-03,0,0.006,766,,1.9680e-03,0
1.9760e-03,0,0.006,766,,1.9760e-03,0
1.9840e-03,0,0.004,762,,1.9840e-03,0
1.9920e-03,0,0.002,766,,1.9920e-03,0
2.0000e-03,0,-4.76837e-09,766,,2.0000e-03,0
2.0080e-03,0,-0.004,766,,2.0080e-03,0
2.0160e-03,0,-0.004,766,,2.0160e-03,0
2.0240e-03,0,-0.008,762,,2.0240e-03,0
2.0320e-03,0,-0.012,766,,2.0320e-03,0
2.0400e-03,0.08,-0.014,766,,2.0400e-03,0.08
2.0480e-03,0.08,-0.018,766,,2.0480e-03,0.08
2.0560e-03,0.08,-0.02,766,,2.0560e-03,0.08
2.0640e-03,0.08,-0.026,766,,2.0640e-03,0.08
2.0720e-03,0.08,-0.032,766,,2.0720e-03,0.08
2.0800e-03,0.08,-0.036,766,,2.0800e-03,0.08
2.0880e-03,0.08,-0.042,766,,2.0880e-03,0.08
2.0960e-03,0.16,-0.048,766,,2.0960e-03,0.16
2.1040e-03,0.16,-0.054,766,,2.1040e-03,0.16
2.1120e-03,0.24,-0.064,766,,2.1120e-03,0.24
2.1200e-03,0.32,-0.072,766,,2.1200e-03,0.32
2.1280e-03,0.64,-0.084,766,,2.1280e-03,0.64
2.1360e-03,1.52,-0.094,766,,2.1360e-03,1.52
2.1440e-03,8.8,-0.104,770,,2.1440e-03,8.8
2.1520e-03,17.36,-0.114,766,,2.1520e-03,17.36
2.1600e-03,3.92,-0.124,766,,2.1600e-03,3.92
2.1680e-03,0.72,-0.134,766,,2.1680e-03,0.72
2.1760e-03,0.16,-0.142,766,,2.1760e-03,0.16
2.1840e-03,0.08,-0.15,766,,2.1840e-03,0.08
2.1920e-03,0,-0.158,770,,2.1920e-03,0
2.2000e-03,0,-0.164,770,,2.2000e-03,0
2.2080e-03,0,-0.172,766,,2.2080e-03,0
2.2160e-03,0,-0.178,766,,2.2160e-03,0
2.2240e-03,0,-0.184,770,,2.2240e-03,0
2.2320e-03,0,-0.188,766,,2.2320e-03,0
2.2400e-03,0,-0.194,770,,2.2400e-03,0
2.2480e-03,0,-0.198,770,,2.2480e-03,0
2.2560e-03,-0.08,-0.204,770,,2.2560e-03,-0.08
2.2640e-03,0,-0.208,770,,2.2640e-03,0
2.2720e-03,0,-0.212,770,,2.2720e-03,0
2.2800e-03,-0.08,-0.216,770,,2.2800e-03,-0.08
2.2880e-03,0,-0.22,770,,2.2880e-03,0
2.2960e-03,-0.08,-0.224,770,,2.2960e-03,-0.08
2.3040e-03,0,-0.226,770,,2.3040e-03,0
2.3120e-03,-0.08,-0.23,770,,2.3120e-03,-0.08
2.3200e-03,0,-0.232,770,,2.3200e-03,0
2.3280e-03,0,-0.232,770,,2.3280e-03,0
2.3360e-03,0,-0.234,770,,2.3360e-03,0
2.3440e-03,0,-0.238,770,,2.3440e-03,0
2.3520e-03,0,-0.24,770,,2.3520e-03,0
2.3600e-03,0,-0.242,770,,2.3600e-03,0
2.3680e-03,0,-0.242,770,,2.3680e-03,0
2.3760e-03,-0.08,-0.242,770,,2.3760e-03,-0.08
2.3840e-03,0,-0.242,774,,2.3840e-03,0
2.3920e-03,0,-0.244,774,,2.3920e-03,0
2.4000e-03,0,-0.246,774,,2.4000e-03,0
2.4080e-03,0,-0.248,774,,2.4080e-03,0
2.4160e-03,0,-0.25,770,,2.4160e-03,0
2.4240e-03,0,-0.25,774,,2.4240e-03,0
2.4320e-03,0,-0.25,770,,2.4320e-03,0
2.4400e-03,0,-0.252,774,,2.4400e-03,0
2.4480e-03,0,-0.252,774,,2.4480e-03,0
2.4560e-03,0,-0.25,774,,2.4560e-03,0
2.4640e-03,0,-0.25,774,,2.4640e-03,0
2.4720e-03,0,-0.25,774,,2.4720e-03,0
2.4800e-03,0,-0.248,770,,2.4800e-03,0
2.4880e-03,0,-0.246,774,,2.4880e-03,0
2.4960e-03,0,-0.244,774,,2.4960e-03,0
2.5040e-03,0,-0.244,774,,2.5040e-03,0
2.5120e-03,0,-0.242,774,,2.5120e-03,0
2.5200e-03,0,-0.24,774,,2.5200e-03,0
2.5280e-03,-0.08,-0.238,774,,2.5280e-03,-0.08
2.5360e-03,-0.08,-0.236,774,,2.5360e-03,-0.08
2.5440e-03,-0.08,-0.234,774,,2.5440e-03,-0.08
2.5520e-03,-0.08,-0.23,774,,2.5520e-03,-0.08
2.5600e-03,0,-0.226,774,,2.5600e-03,0
2.5680e-03,0,-0.224,774,,2.5680e-03,0
2.5760e-03,0,-0.222,774,,2.5760e-03,0
2.5840e-03,0,-0.216,770,,2.5840e-03,0
2.5920e-03,0,-0.212,774,,2.5920e-03,0
2.6000e-03,0,-0.208,774,,2.6000e-03,0
2.6080e-03,0,-0.204,774,,2.6080e-03,0
2.6160e-03,0,-0.2,774,,2.6160e-03,0
2.6240e-03,0,-0.196,774,,2.6240e-03,0
2.6320e-03,0.08,-0.19,770,,2.6320e-03,0.08
2.6400e-03,0,-0.186,774,,2.6400e-03,0
2.6480e-03,0.08,-0.182,774,,2.6480e-03,0.08
2.6560e-03,0.08,-0.176,774,,2.6560e-03,0.08
2.6640e-03,0.08,-0.17,774,,2.6640e-03,0.08
2.6720e-03,0.08,-0.164,774,,2.6720e-03,0.08
2.6800e-03,0.08,-0.158,774,,2.6800e-03,0.08
2.6880e-03,0.08,-0.154,774,,2.6880e-03,0.08
2.6960e-03,0.16,-0.148,774,,2.6960e-03,0.16
2.7040e-03,0.16,-0.142,774,,2.7040e-03,0.16
2.7120e-03,0.24,-0.136,774,,2.7120e-03,0.24
2.7200e-03,0.4,-0.13,774,,2.7200e-03,0.4
2.7280e-03,0.48,-0.122,774,,2.7280e-03,0.48
2.7360e-03,1.28,-0.116,774,,2.7360e-03,1.28
2.7440e-03,4.16,-0.11,774,,2.7440e-03,4.16
2.7520e-03,2.4,-0.104,778,,2.7520e-03,2.4
2.7600e-03,0.56,-0.096,774,,2.7600e-03,0.56
2.7680e-03,0.08,-0.09,778,,2.7680e-03,0.08
2.7760e-03,0,-0.082,774,,2.7760e-03,0
2.7840e-03,0,-0.076,774,,2.7840e-03,0
2.7920e-03,-0.08,-0.07,778,,2.7920e-03,-0.08
2.8000e-03,0,-0.062,774,,2.8000e-03,0
2.8080e-03,-0.08,-0.056,774,,2.8080e-03,-0.08
2.8160e-03,0,-0.05,778,,2.8160e-03,0
2.8240e-03,0,-0.044,778,,2.8240e-03,0
2.8320e-03,0,-0.038,778,,2.8320e-03,0
2.8400e-03,0,-0.034,778,,2.8400e-03,0
2.8480e-03,0,-0.028,774,,2.8480e-03,0
2.8560e-03,0,-0.024,778,,2.8560e-03,0
2.8640e-03,0,-0.018,778,,2.8640e-03,0
2.8720e-03,0,-0.014,778,,2.8720e-03,0
2.8800e-03,0,-0.01,778,,2.8800e-03,0
2.8880e-03,0,-0.006,778,,2.8880e-03,0
2.8960e-03,-0.08,-0.004,778,,2.8960e-03,-0.08
2.9040e-03,0,-4.76837e-09,778,,2.9040e-03,0
2.9120e-03,-0.08,0.004,778,,2.9120e-03,-0.08
2.9200e-03,-0.08,0.006,778,,2.9200e-03,-0.08
2.9280e-03,0,0.008,778,,2.9280e-03,0
2.9360e-03,0,0.012,778,,2.9360e-03,0
2.9440e-03,0,0.014,778,,2.9440e-03,0
2.9520e-03,0,0.016,778,,2.9520e-03,0
2.9600e-03,-0.08,0.018,778,,2.9600e-03,-0.08
2.9680e-03,0,0.018,778,,2.9680e-03,0
2.9760e-03,0,0.022,774,,2.9760e-03,0
2.9840e-03,-0.08,0.024,782,,2.9840e-03,-0.08
2.9920e-03,-0.08,0.024,778,,2.9920e-03,-0.08
3.0000e-03,0,0.026,778,,3.0000e-03,0
3.0080e-03,0,0.028,778,,3.0080e-03,0
3.0160e-03,-0.08,0.03,778,,3.0160e-03,-0.08
3.0240e-03,-0.08,0.03,778,,3.0240e-03,-0.08
3.0320e-03,0,0.032,778,,3.0320e-03,0
3.0400e-03,0,0.032,778,,3.0400e-03,0
3.0480e-03,-0.08,0.034,778,,3.0480e-03,-0.08
3.0560e-03,-0.08,0.036,782,,3.0560e-03,-0.08
3.0640e-03,0,0.036,778,,3.0640e-03,0
3.0720e-03,0,0.036,782,,3.0720e-03,0
3.0800e-03,0,0.038,782,,3.0800e-03,0
3.0880e-03,0,0.038,782,,3.0880e-03,0
3.0960e-03,-0.08,0.038,782,,3.0960e-03,-0.08
3.1040e-03,0,0.04,782,,3.1040e-03,0
3.1120e-03,-0.08,0.04,782,,3.1120e-03,-0.08
3.1200e-03,0,0.042,782,,3.1200e-03,0
3.1280e-03,0,0.042,782,,3.1280e-03,0
3.1360e-03,0,0.042,782,,3.1360e-03,0
3.1440e-03,0,0.044,782,,3.1440e-03,0
3.1520e-03,0,0.044,782,,3.1520e-03,0
3.1600e-03,0,0.042,782,,3.1600e-03,0
3.1680e-03,0,0.044,782,,3.1680e-03,0
3.1760e-03,0,0.044,782,,3.1760e-03,0
3.1840e-03,-0.08,0.046,782,,3.1840e-03,-0.08
3.1920e-03,0,0.046,782,,3.1920e-03,0
3.2000e-03,0,0.044,782,,3.2000e-03,0
3.2080e-03,0,0.046,782,,3.2080e-03,0
3.2160e-03,0,0.046,782,,3.2160e-03,0
3.2240e-03,0.08,0.046,782,,3.2240e-03,0.08
3.2320e-03,0.08,0.048,782,,3.2320e-03,0.08
3.2400e-03,0.08,0.048,778,,3.2400e-03,0.08
3.2480e-03,0.08,0.048,782,,3.2480e-03,0.08
3.2560e-03,0.08,0.048,782,,3.2560e-03,0.08
3.2640e-03,0.08,0.046,782,,3.2640e-03,0.08
3.2720e-03,0.08,0.048,782,,3.2720e-03,0.08
3.2800e-03,0.08,0.048,782,,3.2800e-03,0.08
3.2880e-03,0.08,0.05,782,,3.2880e-03,0.08
3.2960e-03,0.16,0.048,782,,3.2960e-03,0.16
3.3040e-03,0.24,0.05,782,,3.3040e-03,0.24
3.3120e-03,0.4,0.05,782,,3.3120e-03,0.4
3.3200e-03,0.88,0.05,782,,3.3200e-03,0.88
3.3280e-03,2.96,0.05,782,,3.3280e-03,2.96
3.3360e-03,8.64,0.05,782,,3.3360e-03,8.64
3.3440e-03,4.08,0.05,782,,3.3440e-03,4.08
3.3520e-03,0.8,0.05,786,,3.3520e-03,0.8
3.3600e-03,0.08,0.05,786,,3.3600e-03,0.08
3.3680e-03,0,0.05,786,,3.3680e-03,0
3.3760e-03,0,0.05,782,,3.3760e-03,0
3.3840e-03,0,0.05,786,,3.3840e-03,0
3.3920e-03,0,0.05,782,,3.3920e-03,0
3.4000e-03,0,0.05,786,,3.4000e-03,0
3.4080e-03,0,0.05,786,,3.4080e-03,0
3.4160e-03,0,0.05,786,,3.4160e-03,0
3.4240e-03,0,0.05,786,,3.4240e-03,0
3.4320e-03,-0.08,0.05,786,,3.4320e-03,-0.08
3.4400e-03,0,0.052,786,,3.4400e-03,0
3.4480e-03,0,0.05,786,,3.4480e-03,0
3.4560e-03,-0.08,0.05,782,,3.4560e-03,-0.08
3.4640e-03,-0.08,0.05,786,,3.4640e-03,-0.08
3.4720e-03,0,0.05,786,,3.4720e-03,0
3.4800e-03,-0.08,0.05,786,,3.4800e-03,-0.08
3.4880e-03,0,0.05,786,,3.4880e-03,0
3.4960e-03,0,0.05,786,,3.4960e-03,0
3.5040e-03,0,0.05,786,,3.5040e-03,0
3.5120e-03,0,0.05,786,,3.5120e-03,0
3.5200e-03,0,0.05,786,,3.5200e-03,0
3.5280e-03,0,0.05,786,,3.5280e-03,0
3.5360e-03,0,0.05,786,,3.5360e-03,0
3.5440e-03,0,0.05,786,,3.5440e-03,0
3.5520e-03,0,0.05,786,,3.5520e-03,0
3.5600e-03,0,0.05,786,,3.5600e-03,0
3.5680e-03,-0.08,0.048,786,,3.5680e-03,-0.08
3.5760e-03,0,0.05,786,,3.5760e-03,0
3.5840e-03,0,0.05,786,,3.5840e-03,0
3.5920e-03,0,0.05,786,,3.5920e-03,0
3.6000e-03,0,0.05,786,,3.6000e-03,0
3.6080e-03,0,0.05,790,,3.6080e-03,0
3.6160e-03,0,0.05,790,,3.6160e-03,0
3.6240e-03,0,0.05,790,,3.6240e-03,0
3.6320e-03,0,0.05,790,,3.6320e-03,0
3.6400e-03,0,0.05,790,,3.6400e-03,0
3.6480e-03,0,0.05,790,,3.6480e-03,0
3.6560e-03,0,0.05,790,,3.6560e-03,0
3.6640e-03,0,0.05,790,,3.6640e-03,0
3.6720e-03,0,0.05,790,,3.6720e-03,0
3.6800e-03,0,0.05,790,,3.6800e-03,0
3.6880e-03,0,0.05,790,,3.6880e-03,0
3.6960e-03,0,0.048,790,,3.6960e-03,0
3.7040e-03,0,0.05,790,,3.7040e-03,0
3.7120e-03,0,0.048,790,,3.7120e-03,0
3.7200e-03,0,0.048,790,,3.7200e-03,0
3.7280e-03,0,0.05,790,,3.7280e-03,0
3.7360e-03,0,0.048,790,,3.7360e-03,0
3.7440e-03,0,0.048,790,,3.7440e-03,0
3.7520e-03,-0.08,0.048,790,,3.7520e-03,-0.08
3.7600e-03,0,0.05,790,,3.7600e-03,0
3.7680e-03,0,0.048,790,,3.7680e-03,0
3.7760e-03,-0.08,0.048,790,,3.7760e-03,-0.08
3.7840e-03,0,0.048,790,,3.7840e-03,0
3.7920e-03,0,0.048,790,,3.7920e-03,0
3.8000e-03,0,0.048,790,,3.8000e-03,0
3.8080e-03,0,0.048,790,,3.8080e-03,0
3.8160e-03,0.08,0.046,790,,3.8160e-03,0.08
3.8240e-03,0.08,0.046,790,,3.8240e-03,0.08
3.8320e-03,0.08,0.048,790,,3.8320e-03,0.08
3.8400e-03,0.08,0.048,790,,3.8400e-03,0.08
3.8480e-03,0.08,0.048,790,,3.8480e-03,0.08
3.8560e-03,0.08,0.048,790,,3.8560e-03,0.08
3.8640e-03,0.08,0.048,790,,3.8640e-03,0.08
3.8720e-03,0.16,0.048,790,,3.8720e-03,0.16
3.8800e-03,0.16,0.048,794,,3.8800e-03,0.16
3.8880e-03,0.32,0.046,790,,3.8880e-03,0.32
3.8960e-03,0.48,0.046,794,,3.8960e-03,0.48
3.9040e-03,0.72,0.048,794,,3.9040e-03,0.72
3.9120e-03,1.44,0.048,790,,3.9120e-03,1.44
3.9200e-03,2.72,0.048,790,,3.9200e-03,2.72
3.9280e-03,2.8,0.046,794,,3.9280e-03,2.8
3.9360e-03,3.2,0.048,790,,3.9360e-03,3.2
3.9440e-03,3.2,0.046,790,,3.9440e-03,3.2
3.9520e-03,3.12,0.046,790,,3.9520e-03,3.12
3.9600e-03,3.28,0.048,790,,3.9600e-03,3.28
3.9680e-03,2.8,0.046,790,,3.9680e-03,2.8
3.9760e-03,2.64,0.046,794,,3.9760e-03,2.64
3.9840e-03,1.36,0.046,790,,3.9840e-03,1.36
3.9920e-03,0.72,0.046,790,,3.9920e-03,0.72
4.0000e-03,0.48,0.046,790,,4.0000e-03,0.48
4.0080e-03,0.32,0.046,790,,4.0080e-03,0.32
4.0160e-03,0.16,0.046,790,,4.0160e-03,0.16
4.0240e-03,0.16,0.046,790,,4.0240e-03,0.16
4.0320e-03,0.08,0.046,790,,4.0320e-03,0.08
4.0400e-03,0.08,0.046,790,,4.0400e-03,0.08
4.0480e-03,0,0.046,790,,4.0480e-03,0
4.0560e-03,0.08,0.046,790,,4.0560e-03,0.08
4.0640e-03,0.08,0.046,790,,4.0640e-03,0.08
4.0720e-03,0,0.046,790,,4.0720e-03,0
4.0800e-03,0,0.044,790,,4.0800e-03,0
4.0880e-03,0,0.046,790,,4.0880e-03,0
4.0960e-03,0,0.046,790,,4.0960e-03,0
4.1040e-03,0,0.046,790,,4.1040e-03,0
4.1120e-03,0,0.046,790,,4.1120e-03,0
4.1200e-03,-0.08,0.046,790,,4.1200e-03,-0.08
4.1280e-03,0,0.046,790,,4.1280e-03,0
4.1360e-03,0,0.046,790,,4.1360e-03,0
4.1440e-03,0,0.046,790,,4.1440e-03,0
4.1520e-03,0,0.046,790,,4.1520e-03,0
4.1600e-03,0,0.046,790,,4.1600e-03,0
4.1680e-03,0,0.046,790,,4.1680e-03,0
4.1760e-03,0,0.046,790,,4.1760e-03,0
4.1840e-03,0,0.046,790,,4.1840e-03,0
4.1920e-03,0,0.046,790,,4.1920e-03,0
4.2000e-03,0,0.046,786,,4.2000e-03,0
4.2080e-03,0,0.046,786,,4.2080e-03,0
4.2160e-03,0,0.046,790,,4.2160e-03,0
4.2240e-03,0,0.046,786,,4.2240e-03,0
4.2320e-03,0,0.046,786,,4.2320e-03,0
4.2400e-03,0,0.044,786,,4.2400e-03,0
4.2480e-03,-0.08,0.046,786,,4.2480e-03,-0.08
4.2560e-03,0,0.046,786,,4.2560e-03,0
4.2640e-03,0,0.046,786,,4.2640e-03,0
4.2720e-03,0,0.046,786,,4.2720e-03,0
4.2800e-03,0,0.046,786,,4.2800e-03,0
4.2880e-03,0,0.046,786,,4.2880e-03,0
4.2960e-03,0,0.044,786,,4.2960e-03,0
4.3040e-03,-0.08,0.046,786,,4.3040e-03,-0.08
4.3120e-03,0,0.046,786,,4.3120e-03,0
4.3200e-03,0,0.044,786,,4.3200e-03,0
4.3280e-03,0,0.044,786,,4.3280e-03,0
4.3360e-03,0,0.044,786,,4.3360e-03,0
4.3440e-03,0,0.044,786,,4.3440e-03,0
4.3520e-03,-0.08,0.044,786,,4.3520e-03,-0.08
4.3600e-03,-0.08,0.044,786,,4.3600e-03,-0.08
4.3680e-03,-0.08,0.044,782,,4.3680e-03,-0.08
4.3760e-03,-0.08,0.044,786,,4.3760e-03,-0.08
4.3840e-03,0,0.044,786,,4.3840e-03,0
4.3920e-03,0,0.044,786,,4.3920e-03,0
4.4000e-03,0,0.044,786,,4.4000e-03,0
4.4080e-03,0,0.044,786,,4.4080e-03,0
4.4160e-03,0,0.044,786,,4.4160e-03,0
4.4240e-03,0,0.044,786,,4.4240e-03,0
4.4320e-03,0,0.044,786,,4.4320e-03,0
4.4400e-03,0,0.044,786,,4.4400e-03,0
4.4480e-03,0,0.044,782,,4.4480e-03,0
4.4560e-03,0,0.044,786,,4.4560e-03,0
4.4640e-03,-0.08,0.044,782,,4.4640e-03,-0.08
4.4720e-03,0,0.044,786,,4.4720e-03,0
4.4800e-03,0,0.044,782,,4.4800e-03,0
4.4880e-03,0,0.044,782,,4.4880e-03,0
4.4960e-03,0,0.044,786,,4.4960e-03,0
4.5040e-03,0,0.044,782,,4.5040e-03,0
4.5120e-03,0,0.044,782,,4.5120e-03,0
4.5200e-03,-0.08,0.042,782,,4.5200e-03,-0.08
4.5280e-03,0,0.044,782,,4.5280e-03,0
4.5360e-03,0.08,0.044,782,,4.5360e-03,0.08
4.5440e-03,0.88,0.042,782,,4.5440e-03,0.88
4.5520e-03,6.56,0.042,782,,4.5520e-03,6.56
4.5600e-03,7.12,0.042,782,,4.5600e-03,7.12
4.5680e-03,2.64,0.042,782,,4.5680e-03,2.64
4.5760e-03,0.96,0.042,782,,4.5760e-03,0.96
4.5840e-03,0.48,0.042,782,,4.5840e-03,0.48
4.5920e-03,0.24,0.042,782,,4.5920e-03,0.24
4.6000e-03,0.16,0.042,782,,4.6000e-03,0.16
4.6080e-03,0.16,0.042,782,,4.6080e-03,0.16
4.6160e-03,0.08,0.042,782,,4.6160e-03,0.08
4.6240e-03,0.08,0.04,782,,4.6240e-03,0.08
4.6320e-03,0.08,0.042,782,,4.6320e-03,0.08
4.6400e-03,0.08,0.04,782,,4.6400e-03,0.08
4.6480e-03,0.08,0.04,782,,4.6480e-03,0.08
4.6560e-03,0.08,0.04,782,,4.6560e-03,0.08
4.6640e-03,0.08,0.04,782,,4.6640e-03,0.08
4.6720e-03,0.08,0.04,782,,4.6720e-03,0.08
4.6800e-03,0,0.04,782,,4.6800e-03,0
4.6880e-03,0,0.04,782,,4.6880e-03,0
4.6960e-03,0,0.04,778,,4.6960e-03,0
4.7040e-03,0,0.04,782,,4.7040e-03,0
4.7120e-03,0,0.038,782,,4.7120e-03,0
4.7200e-03,0,0.038,782,,4.7200e-03,0
4.7280e-03,0.08,0.036,782,,4.7280e-03,0.08
4.7360e-03,0,0.038,782,,4.7360e-03,0
4.7440e-03,-0.08,0.038,782,,4.7440e-03,-0.08
4.7520e-03,-0.08,0.038,782,,4.7520e-03,-0.08
4.7600e-03,0,0.038,778,,4.7600e-03,0
4.7680e-03,0,0.036,782,,4.7680e-03,0
4.7760e-03,0,0.036,782,,4.7760e-03,0
4.7840e-03,0,0.036,778,,4.7840e-03,0
4.7920e-03,0,0.036,778,,4.7920e-03,0
4.8000e-03,0,0.034,778,,4.8000e-03,0
4.8080e-03,0,0.034,778,,4.8080e-03,0
4.8160e-03,0,0.034,778,,4.8160e-03,0
4.8240e-03,0,0.034,778,,4.8240e-03,0
4.8320e-03,0,0.034,778,,4.8320e-03,0
4.8400e-03,0,0.032,778,,4.8400e-03,0
4.8480e-03,0,0.032,778,,4.8480e-03,0
4.8560e-03,-0.08,0.032,778,,4.8560e-03,-0.08
4.8640e-03,-0.08,0.03,778,,4.8640e-03,-0.08
4.8720e-03,0,0.03,778,,4.8720e-03,0
4.8800e-03,0,0.03,778,,4.8800e-03,0
4.8880e-03,0,0.03,778,,4.8880e-03,0
4.8960e-03,0,0.028,778,,4.8960e-03,0
4.9040e-03,0,0.026,778,,4.9040e-03,0
4.9120e-03,0,0.026,778,,4.9120e-03,0
4.9200e-03,0,0.026,774,,4.9200e-03,0
4.9280e-03,0,0.024,778,,4.9280e-03,0
4.9360e-03,0,0.024,778,,4.9360e-03,0
4.9440e-03,-0.08,0.024,778,,4.9440e-03,-0.08
4.9520e-03,-0.08,0.022,778,,4.9520e-03,-0.08
4.9600e-03,0,0.02,778,,4.9600e-03,0
4.9680e-03,-0.08,0.02,778,,4.9680e-03,-0.08
4.9760e-03,0,0.02,778,,4.9760e-03,0
4.9840e-03,-0.08,0.018,778,,4.9840e-03,-0.08
4.9920e-03,0,0.016,778,,4.9920e-03,0
5.0000e-03,-0.08,0.016,778,,5.0000e-03,-0.08
5.0080e-03,0,0.014,774,,5.0080e-03,0
5.0160e-03,-0.16,0.012,778,,5.0160e-03,-0.16
5.0240e-03,0,0.012,774,,5.0240e-03,0
5.0320e-03,0,0.01,778,,5.0320e-03,0
5.0400e-03,0,0.006,778,,5.0400e-03,0
5.0480e-03,0,0.006,774,,5.0480e-03,0
5.0560e-03,0,0.004,778,,5.0560e-03,0
5.0640e-03,0,0.002,778,,5.0640e-03,0
5.0720e-03,-0.08,-4.76837e-09,774,,5.0720e-03,-0.08
5.0800e-03,0,-0.002,774,,5.0800e-03,0
5.0880e-03,0,-0.006,774,,5.0880e-03,0
5.0960e-03,0,-0.008,774,,5.0960e-03,0
5.1040e-03,0,-0.012,774,,5.1040e-03,0
5.1120e-03,0,-0.014,774,,5.1120e-03,0
5.1200e-03,-0.08,-0.018,774,,5.1200e-03,-0.08
5.1280e-03,0,-0.022,774,,5.1280e-03,0
5.1360e-03,0,-0.026,774,,5.1360e-03,0
5.1440e-03,-0.08,-0.032,774,,5.1440e-03,-0.08
5.1520e-03,0,-0.038,774,,5.1520e-03,0
5.1600e-03,0.24,-0.044,774,,5.1600e-03,0.24
5.1680e-03,1.76,-0.052,774,,5.1680e-03,1.76
5.1760e-03,4.32,-0.062,774,,5.1760e-03,4.32
5.1840e-03,2.08,-0.07,774,,5.1840e-03,2.08
5.1920e-03,0.8,-0.08,774,,5.1920e-03,0.8
5.2000e-03,0.48,-0.09,774,,5.2000e-03,0.48
5.2080e-03,0.32,-0.1,774,,5.2080e-03,0.32
5.2160e-03,0.24,-0.112,774,,5.2160e-03,0.24
5.2240e-03,0.16,-0.12,774,,5.2240e-03,0.16
5.2320e-03,0.08,-0.13,774,,5.2320e-03,0.08
5.2400e-03,0.08,-0.14,774,,5.2400e-03,0.08
5.2480e-03,0.08,-0.148,774,,5.2480e-03,0.08
5.2560e-03,0.08,-0.156,774,,5.2560e-03,0.08
5.2640e-03,0,-0.162,774,,5.2640e-03,0
5.2720e-03,0.08,-0.172,774,,5.2720e-03,0.08
5.2800e-03,0.08,-0.176,774,,5.2800e-03,0.08
5.2880e-03,0.08,-0.182,774,,5.2880e-03,0.08
5.2960e-03,0.08,-0.188,770,,5.2960e-03,0.08
5.3040e-03,0,-0.194,774,,5.3040e-03,0
5.3120e-03,0,-0.2,774,,5.3120e-03,0
5.3200e-03,0,-0.204,774,,5.3200e-03,0
5.3280e-03,0,-0.21,774,,5.3280e-03,0
5.3360e-03,0,-0.214,774,,5.3360e-03,0
5.3440e-03,-0.08,-0.22,774,,5.3440e-03,-0.08
5.3520e-03,0,-0.222,770,,5.3520e-03,0
5.3600e-03,0,-0.228,770,,5.3600e-03,0
5.3680e-03,0,-0.23,770,,5.3680e-03,0
5.3760e-03,0,-0.234,770,,5.3760e-03,0
5.3840e-03,0,-0.236,774,,5.3840e-03,0
5.3920e-03,0,-0.238,770,,5.3920e-03,0
5.4000e-03,0,-0.24,770,,5.4000e-03,0
5.4080e-03,0,-0.244,770,,5.4080e-03,0
5.4160e-03,0,-0.246,770,,5.4160e-03,0
5.4240e-03,0,-0.248,770,,5.4240e-03,0
5.4320e-03,0,-0.25,770,,5.4320e-03,0
5.4400e-03,-0.08,-0.252,770,,5.4400e-03,-0.08
5.4480e-03,-0.08,-0.252,770,,5.4480e-03,-0.08
5.4560e-03,-0.08,-0.254,770,,5.4560e-03,-0.08
5.4640e-03,0,-0.256,770,,5.4640e-03,0
5.4720e-03,0,-0.256,770,,5.4720e-03,0
5.4800e-03,0,-0.256,770,,5.4800e-03,0
5.4880e-03,0,-0.258,766,,5.4880e-03,0
5.4960e-03,0,-0.258,770,,5.4960e-03,0
5.5040e-03,-0.08,-0.258,770,,5.5040e-03,-0.08
5.5120e-03,0,-0.258,770,,5.5120e-03,0
5.5200e-03,0,-0.258,770,,5.5200e-03,0
5.5280e-03,0,-0.256,770,,5.5280e-03,0
5.5360e-03,-0.08,-0.256,770,,5.5360e-03,-0.08
5.5440e-03,0,-0.254,770,,5.5440e-03,0
5.5520e-03,-0.08,-0.252,766,,5.5520e-03,-0.08
5.5600e-03,0,-0.248,770,,5.5600e-03,0
5.5680e-03,-0.08,-0.246,770,,5.5680e-03,-0.08
5.5760e-03,0,-0.244,770,,5.5760e-03,0
5.5840e-03,-0.08,-0.244,770,,5.5840e-03,-0.08
5.5920e-03,0,-0.244,770,,5.5920e-03,0
5.6000e-03,0,-0.242,770,,5.6000e-03,0
5.6080e-03,-0.08,-0.238,770,,5.6080e-03,-0.08
5.6160e-03,-0.08,-0.236,766,,5.6160e-03,-0.08
5.6240e-03,0,-0.234,770,,5.6240e-03,0
5.6320e-03,0,-0.232,770,,5.6320e-03,0
5.6400e-03,0,-0.23,766,,5.6400e-03,0
5.6480e-03,-0.08,-0.226,770,,5.6480e-03,-0.08
5.6560e-03,0,-0.222,766,,5.6560e-03,0
5.6640e-03,-0.08,-0.22,766,,5.6640e-03,-0.08
5.6720e-03,-0.08,-0.216,766,,5.6720e-03,-0.08
5.6800e-03,-0.08,-0.212,766,,5.6800e-03,-0.08
5.6880e-03,0,-0.208,766,,5.6880e-03,0
5.6960e-03,0,-0.204,766,,5.6960e-03,0
5.7040e-03,0,-0.198,766,,5.7040e-03,0
5.7120e-03,0,-0.194,766,,5.7120e-03,0
5.7200e-03,-0.08,-0.19,766,,5.7200e-03,-0.08
5.7280e-03,0,-0.186,766,,5.7280e-03,0
5.7360e-03,0,-0.18,766,,5.7360e-03,0
5.7440e-03,0,-0.176,766,,5.7440e-03,0
5.7520e-03,0,-0.17,766,,5.7520e-03,0
5.7600e-03,0,-0.164,766,,5.7600e-03,0
5.7680e-03,0.24,-0.16,766,,5.7680e-03,0.24
5.7760e-03,3.36,-0.152,766,,5.7760e-03,3.36
5.7840e-03,20.16,-0.148,762,,5.7840e-03,20.16
5.7920e-03,7.6,-0.142,766,,5.7920e-03,7.6
5.8000e-03,2.24,-0.136,766,,5.8000e-03,2.24
5.8080e-03,0.8,-0.13,766,,5.8080e-03,0.8
5.8160e-03,0.4,-0.124,766,,5.8160e-03,0.4
5.8240e-03,0.24,-0.118,766,,5.8240e-03,0.24
5.8320e-03,0.24,-0.112,762,,5.8320e-03,0.24
5.8400e-03,0.16,-0.104,766,,5.8400e-03,0.16
5.8480e-03,0.08,-0.096,766,,5.8480e-03,0.08
5.8560e-03,0.08,-0.09,766,,5.8560e-03,0.08
5.8640e-03,0.08,-0.084,766,,5.8640e-03,0.08
5.8720e-03,0.08,-0.078,762,,5.8720e-03,0.08
5.8800e-03,0.08,-0.07,766,,5.8800e-03,0.08
5.8880e-03,0.08,-0.064,766,,5.8880e-03,0.08
5.8960e-03,0,-0.056,766,,5.8960e-03,0
5.9040e-03,0,-0.05,762,,5.9040e-03,0
5.9120e-03,0,-0.044,762,,5.9120e-03,0
5.9200e-03,0,-0.038,766,,5.9200e-03,0
5.9280e-03,0,-0.034,766,,5.9280e-03,0
5.9360e-03,0,-0.028,762,,5.9360e-03,0
5.9440e-03,0,-0.024,766,,5.9440e-03,0
5.9520e-03,0,-0.018,762,,5.9520e-03,0
5.9600e-03,0,-0.014,762,,5.9600e-03,0
5.9680e-03,0,-0.01,762,,5.9680e-03,0
5.9760e-03,0,-0.006,762,,5.9760e-03,0
5.9840e-03,0,-0.002,762,,5.9840e-03,0
5.9920e-03,0,0.002,762,,5.9920e-03,0
6.0000e-03,0,0.002,762,,6.0000e-03,0
6.0080e-03,0,0.006,762,,6.0080e-03,0
6.0160e-03,0,0.01,762,,6.0160e-03,0
6.0240e-03,0,0.012,762,,6.0240e-03,0
6.0320e-03,0,0.016,762,,6.0320e-03,0
6.0400e-03,0,0.016,762,,6.0400e-03,0
6.0480e-03,0,0.02,762,,6.0480e-03,0
6.0560e-03,0,0.022,762,,6.0560e-03,0
6.0640e-03,0,0.024,758,,6.0640e-03,0
6.0720e-03,0,0.024,758,,6.0720e-03,0
6.0800e-03,0,0.026,762,,6.0800e-03,0
6.0880e-03,0,0.028,762,,6.0880e-03,0
6.0960e-03,0,0.03,762,,6.0960e-03,0
6.1040e-03,-0.08,0.03,762,,6.1040e-03,-0.08
6.1120e-03,0,0.032,762,,6.1120e-03,0
6.1200e-03,0,0.034,762,,6.1200e-03,0
6.1280e-03,0,0.034,762,,6.1280e-03,0
6.1360e-03,-0.08,0.036,762,,6.1360e-03,-0.08
6.1440e-03,0,0.036,762,,6.1440e-03,0
6.1520e-03,0,0.038,762,,6.1520e-03,0
6.1600e-03,0,0.038,762,,6.1600e-03,0
6.1680e-03,0,0.04,762,,6.1680e-03,0
6.1760e-03,0,0.04,762,,6.1760e-03,0
6.1840e-03,-0.08,0.04,762,,6.1840e-03,-0.08
6.1920e-03,0,0.042,762,,6.1920e-03,0
6.2000e-03,0,0.042,762,,6.2000e-03,0
6.2080e-03,0,0.044,762,,6.2080e-03,0
6.2160e-03,0,0.044,762,,6.2160e-03,0
6.2240e-03,0,0.044,758,,6.2240e-03,0
6.2320e-03,0,0.044,762,,6.2320e-03,0
6.2400e-03,-0.08,0.046,762,,6.2400e-03,-0.08
6.2480e-03,0,0.046,762,,6.2480e-03,0
6.2560e-03,0,0.046,758,,6.2560e-03,0
6.2640e-03,0,0.046,758,,6.2640e-03,0
6.2720e-03,0,0.048,758,,6.2720e-03,0
6.2800e-03,-0.08,0.048,758,,6.2800e-03,-0.08
6.2880e-03,0,0.048,758,,6.2880e-03,0
6.2960e-03,0,0.048,758,,6.2960e-03,0
6.3040e-03,0,0.048,758,,6.3040e-03,0
6.3120e-03,0,0.048,758,,6.3120e-03,0
6.3200e-03,0,0.05,758,,6.3200e-03,0
6.3280e-03,0,0.05,758,,6.3280e-03,0
6.3360e-03,0,0.05,758,,6.3360e-03,0
6.3440e-03,0,0.05,758,,6.3440e-03,0
6.3520e-03,0,0.048,758,,6.3520e-03,0
6.3600e-03,0,0.05,758,,6.3600e-03,0
6.3680e-03,0.08,0.05,754,,6.3680e-03,0.08
6.3760e-03,0.64,0.052,754,,6.3760e-03,0.64
6.3840e-03,2.56,0.052,754,,6.3840e-03,2.56
6.3920e-03,2.4,0.05,758,,6.3920e-03,2.4
6.4000e-03,1.12,0.052,758,,6.4000e-03,1.12
6.4080e-03,0.64,0.052,758,,6.4080e-03,0.64
6.4160e-03,0.4,0.052,758,,6.4160e-03,0.4
6.4240e-03,0.24,0.052,758,,6.4240e-03,0.24
6.4320e-03,0.16,0.05,758,,6.4320e-03,0.16
6.4400e-03,0.08,0.052,754,,6.4400e-03,0.08
6.4480e-03,0.08,0.052,758,,6.4480e-03,0.08
6.4560e-03,0.08,0.052,758,,6.4560e-03,0.08
6.4640e-03,0.08,0.052,758,,6.4640e-03,0.08
6.4720e-03,0.08,0.052,758,,6.4720e-03,0.08
6.4800e-03,0.08,0.05,758,,6.4800e-03,0.08
6.4880e-03,0,0.052,758,,6.4880e-03,0
6.4960e-03,0,0.052,758,,6.4960e-03,0
6.5040e-03,0,0.052,754,,6.5040e-03,0
6.5120e-03,0,0.052,758,,6.5120e-03,0
6.5200e-03,0,0.052,754,,6.5200e-03,0
6.5280e-03,0,0.052,754,,6.5280e-03,0
6.5360e-03,0,0.052,758,,6.5360e-03,0
6.5440e-03,0,0.052,754,,6.5440e-03,0
6.5520e-03,0,0.052,754,,6.5520e-03,0
6.5600e-03,0,0.052,754,,6.5600e-03,0
6.5680e-03,0,0.05,754,,6.5680e-03,0
6.5760e-03,-0.08,0.052,754,,6.5760e-03,-0.08
6.5840e-03,0,0.052,754,,6.5840e-03,0
6.5920e-03,0,0.05,754,,6.5920e-03,0
6.6000e-03,0,0.05,754,,6.6000e-03,0
6.6080e-03,0,0.05,754,,6.6080e-03,0
6.6160e-03,0,0.048,754,,6.6160e-03,0
6.6240e-03,0,0.05,754,,6.6240e-03,0
6.6320e-03,0,0.05,754,,6.6320e-03,0
6.6400e-03,0,0.05,754,,6.6400e-03,0
6.6480e-03,0,0.05,754,,6.6480e-03,0
6.6560e-03,0,0.05,754,,6.6560e-03,0
6.6640e-03,0,0.05,754,,6.6640e-03,0
6.6720e-03,0,0.05,754,,6.6720e-03,0
6.6800e-03,0,0.048,754,,6.6800e-03,0
6.6880e-03,0,0.048,754,,6.6880e-03,0
6.6960e-03,-0.08,0.048,754,,6.6960e-03,-0.08
6.7040e-03,0,0.048,754,,6.7040e-03,0
6.7120e-03,0,0.046,754,,6.7120e-03,0
6.7200e-03,0,0.046,754,,6.7200e-03,0
6.7280e-03,0,0.046,754,,6.7280e-03,0
6.7360e-03,0,0.044,754,,6.7360e-03,0
6.7440e-03,0,0.046,754,,6.7440e-03,0
6.7520e-03,0,0.046,754,,6.7520e-03,0
6.7600e-03,-0.08,0.046,754,,6.7600e-03,-0.08
6.7680e-03,0,0.044,750,,6.7680e-03,0
6.7760e-03,0,0.044,750,,6.7760e-03,0
6.7840e-03,0,0.044,754,,6.7840e-03,0
6.7920e-03,-0.08,0.044,754,,6.7920e-03,-0.08
6.8000e-03,-0.08,0.044,754,,6.8000e-03,-0.08
6.8080e-03,-0.08,0.044,750,,6.8080e-03,-0.08
6.8160e-03,-0.08,0.042,750,,6.8160e-03,-0.08
6.8240e-03,0,0.042,750,,6.8240e-03,0
6.8320e-03,-0.08,0.042,750,,6.8320e-03,-0.08
6.8400e-03,0,0.042,750,,6.8400e-03,0
6.8480e-03,0,0.042,750,,6.8480e-03,0
6.8560e-03,0,0.04,750,,6.8560e-03,0
6.8640e-03,0,0.04,750,,6.8640e-03,0
6.8720e-03,0,0.04,750,,6.8720e-03,0
6.8800e-03,0,0.04,750,,6.8800e-03,0
6.8880e-03,0,0.04,750,,6.8880e-03,0
6.8960e-03,-0.08,0.038,750,,6.8960e-03,-0.08
6.9040e-03,-0.08,0.038,750,,6.9040e-03,-0.08
6.9120e-03,0,0.038,746,,6.9120e-03,0
6.9200e-03,0,0.036,750,,6.9200e-03,0
6.9280e-03,0,0.036,750,,6.9280e-03,0
6.9360e-03,0,0.034,750,,6.9360e-03,0
6.9440e-03,0,0.036,750,,6.9440e-03,0
6.9520e-03,0,0.034,750,,6.9520e-03,0
6.9600e-03,0,0.034,750,,6.9600e-03,0
6.9680e-03,0.08,0.034,750,,6.9680e-03,0.08
6.9760e-03,0.4,0.032,750,,6.9760e-03,0.4
6.9840e-03,4.88,0.032,750,,6.9840e-03,4.88
6.9920e-03,8.64,0.032,750,,6.9920e-03,8.64
7.0000e-03,3.28,0.03,750,,7.0000e-03,3.28
7.0080e-03,1.2,0.03,750,,7.0080e-03,1.2
7.0160e-03,0.48,0.03,750,,7.0160e-03,0.48
7.0240e-03,0.24,0.03,750,,7.0240e-03,0.24
7.0320e-03,0.16,0.028,750,,7.0320e-03,0.16
7.0400e-03,0.16,0.028,750,,7.0400e-03,0.16
7.0480e-03,0.08,0.028,750,,7.0480e-03,0.08
7.0560e-03,0.08,0.026,750,,7.0560e-03,0.08
7.0640e-03,0.08,0.026,746,,7.0640e-03,0.08
7.0720e-03,0.08,0.026,750,,7.0720e-03,0.08
7.0800e-03,0.08,0.024,750,,7.0800e-03,0.08
7.0880e-03,0.08,0.024,750,,7.0880e-03,0.08
7.0960e-03,0.08,0.024,750,,7.0960e-03,0.08
7.1040e-03,0.08,0.022,746,,7.1040e-03,0.08
7.1120e-03,0,0.022,750,,7.1120e-03,0
7.1200e-03,0,0.022,750,,7.1200e-03,0
7.1280e-03,0,0.02,746,,7.1280e-03,0
7.1360e-03,-0.08,0.02,746,,7.1360e-03,-0.08
7.1440e-03,0,0.02,750,,7.1440e-03,0
7.1520e-03,0,0.018,746,,7.1520e-03,0
7.1600e-03,0,0.018,746,,7.1600e-03,0
7.1680e-03,0,0.018,746,,7.1680e-03,0
7.1760e-03,0,0.016,746,,7.1760e-03,0
7.1840e-03,0,0.016,746,,7.1840e-03,0
7.1920e-03,0,0.016,746,,7.1920e-03,0
7.2000e-03,0,0.016,746,,7.2000e-03,0
7.2080e-03,0,0.014,746,,7.2080e-03,0
7.2160e-03,0,0.014,746,,7.2160e-03,0
7.2240e-03,0,0.012,746,,7.2240e-03,0
7.2320e-03,0,0.012,746,,7.2320e-03,0
7.2400e-03,0,0.012,742,,7.2400e-03,0
7.2480e-03,0,0.012,746,,7.2480e-03,0
7.2560e-03,0,0.01,746,,7.2560e-03,0
7.2640e-03,0,0.01,746,,7.2640e-03,0
7.2720e-03,0,0.01,746,,7.2720e-03,0
7.2800e-03,0,0.01,746,,7.2800e-03,0
7.2880e-03,0,0.008,742,,7.2880e-03,0
7.2960e-03,0,0.008,746,,7.2960e-03,0
7.3040e-03,0,0.008,746,,7.3040e-03,0
7.3120e-03,0,0.008,746,,7.3120e-03,0
7.3200e-03,0,0.008,746,,7.3200e-03,0
7.3280e-03,0,0.006,746,,7.3280e-03,0
7.3360e-03,-0.08,0.008,746,,7.3360e-03,-0.08
7.3440e-03,0,0.008,746,,7.3440e-03,0
7.3520e-03,0,0.008,746,,7.3520e-03,0
7.3600e-03,0,0.006,746,,7.3600e-03,0
7.3680e-03,0,0.006,746,,7.3680e-03,0
7.3760e-03,0,0.006,746,,7.3760e-03,0
7.3840e-03,0,0.006,746,,7.3840e-03,0
7.3920e-03,0,0.006,746,,7.3920e-03,0
7.4000e-03,0,0.006,746,,7.4000e-03,0
7.4080e-03,0,0.006,742,,7.4080e-03,0
7.4160e-03,0,0.008,742,,7.4160e-03,0
7.4240e-03,-0.08,0.006,742,,7.4240e-03,-0.08
7.4320e-03,-0.08,0.006,742,,7.4320e-03,-0.08
7.4400e-03,-0.08,0.008,742,,7.4400e-03,-0.08
7.4480e-03,0,0.008,742,,7.4480e-03,0
7.4560e-03,0,0.008,742,,7.4560e-03,0
7.4640e-03,-0.08,0.008,742,,7.4640e-03,-0.08
7.4720e-03,0,0.008,742,,7.4720e-03,0
7.4800e-03,0,0.01,742,,7.4800e-03,0
7.4880e-03,-0.08,0.01,742,,7.4880e-03,-0.08
7.4960e-03,0,0.012,742,,7.4960e-03,0
7.5040e-03,0,0.012,742,,7.5040e-03,0
7.5120e-03,-0.08,0.012,742,,7.5120e-03,-0.08
7.5200e-03,0,0.012,742,,7.5200e-03,0
7.5280e-03,-0.08,0.012,742,,7.5280e-03,-0.08
7.5360e-03,0,0.012,742,,7.5360e-03,0
7.5440e-03,0,0.014,738,,7.5440e-03,0
7.5520e-03,0,0.014,742,,7.5520e-03,0
7.5600e-03,0,0.014,742,,7.5600e-03,0
7.5680e-03,0.24,0.014,742,,7.5680e-03,0.24
7.5760e-03,1.68,0.016,742,,7.5760e-03,1.68
7.5840e-03,4.32,0.016,742,,7.5840e-03,4.32
7.5920e-03,1.92,0.016,742,,7.5920e-03,1.92
7.6000e-03,0.72,0.018,742,,7.6000e-03,0.72
7.6080e-03,0.4,0.018,742,,7.6080e-03,0.4
7.6160e-03,0.24,0.016,742,,7.6160e-03,0.24
7.6240e-03,0.16,0.02,742,,7.6240e-03,0.16
7.6320e-03,0.08,0.02,738,,7.6320e-03,0.08
7.6400e-03,0.08,0.02,742,,7.6400e-03,0.08
7.6480e-03,0.08,0.02,738,,7.6480e-03,0.08
7.6560e-03,0.08,0.022,738,,7.6560e-03,0.08
7.6640e-03,0.08,0.022,738,,7.6640e-03,0.08
7.6720e-03,0.08,0.022,738,,7.6720e-03,0.08
7.6800e-03,0.08,0.022,738,,7.6800e-03,0.08
7.6880e-03,0.08,0.024,738,,7.6880e-03,0.08
7.6960e-03,0,0.024,738,,7.6960e-03,0
7.7040e-03,0,0.022,742,,7.7040e-03,0
7.7120e-03,0,0.024,738,,7.7120e-03,0
7.7200e-03,0,0.026,738,,7.7200e-03,0
7.7280e-03,0,0.026,738,,7.7280e-03,0
7.7360e-03,0,0.026,738,,7.7360e-03,0
7.7440e-03,0,0.028,738,,7.7440e-03,0
7.7520e-03,0,0.028,738,,7.7520e-03,0
7.7600e-03,0,0.028,734,,7.7600e-03,0
7.7680e-03,0,0.03,738,,7.7680e-03,0
7.7760e-03,0,0.03,738,,7.7760e-03,0
7.7840e-03,0,0.03,738,,7.7840e-03,0
7.7920e-03,0,0.03,738,,7.7920e-03,0
7.8000e-03,0,0.03,738,,7.8000e-03,0
7.8080e-03,0,0.032,738,,7.8080e-03,0
7.8160e-03,0,0.032,738,,7.8160e-03,0
7.8240e-03,0,0.032,738,,7.8240e-03,0
7.8320e-03,0,0.034,738,,7.8320e-03,0
7.8400e-03,0,0.032,738,,7.8400e-03,0
7.8480e-03,0,0.032,734,,7.8480e-03,0
7.8560e-03,0,0.032,738,,7.8560e-03,0
7.8640e-03,0,0.034,738,,7.8640e-03,0
7.8720e-03,0,0.034,734,,7.8720e-03,0
7.8800e-03,0,0.036,738,,7.8800e-03,0
7.8880e-03,0,0.036,738,,7.8880e-03,0
7.8960e-03,0,0.036,738,,7.8960e-03,0
7.9040e-03,0,0.034,738,,7.9040e-03,0
7.9120e-03,0,0.036,738,,7.9120e-03,0
7.9200e-03,0,0.036,738,,7.9200e-03,0
7.9280e-03,-0.08,0.038,734,,7.9280e-03,-0.08
7.9360e-03,0,0.038,734,,7.9360e-03,0
7.9440e-03,0,0.038,738,,7.9440e-03,0
7.9520e-03,-0.08,0.038,734,,7.9520e-03,-0.08
7.9600e-03,0,0.038,734,,7.9600e-03,0
7.9680e-03,0,0.04,734,,7.9680e-03,0
7.9760e-03,0,0.04,734,,7.9760e-03,0
7.9840e-03,-0.08,0.04,738,,7.9840e-03,-0.08
7.9920e-03,0,0.04,734,,7.9920e-03,0
8.0000e-03,0,0.04,734,,8.0000e-03,0
8.0080e-03,0,0.04,734,,8.0080e-03,0
8.0160e-03,0,0.04,730,,8.0160e-03,0
8.0240e-03,0,0.04,734,,8.0240e-03,0
8.0320e-03,0,0.04,734,,8.0320e-03,0
8.0400e-03,0,0.04,734,,8.0400e-03,0
8.0480e-03,0,0.042,734,,8.0480e-03,0
8.0560e-03,0,0.042,734,,8.0560e-03,0
8.0640e-03,0,0.042,734,,8.0640e-03,0
8.0720e-03,-0.08,0.042,734,,8.0720e-03,-0.08
8.0800e-03,0,0.042,734,,8.0800e-03,0
8.0880e-03,0,0.044,734,,8.0880e-03,0
8.0960e-03,0,0.044,734,,8.0960e-03,0
8.1040e-03,0,0.044,734,,8.1040e-03,0
8.1120e-03,0,0.044,734,,8.1120e-03,0
8.1200e-03,0,0.044,734,,8.1200e-03,0
8.1280e-03,0,0.044,734,,8.1280e-03,0
8.1360e-03,0,0.044,730,,8.1360e-03,0
8.1440e-03,0.08,0.044,730,,8.1440e-03,0.08
8.1520e-03,0.24,0.044,734,,8.1520e-03,0.24
8.1600e-03,4.32,0.044,734,,8.1600e-03,4.32
8.1680e-03,18.88,0.044,734,,8.1680e-03,18.88
8.1760e-03,5.84,0.044,734,,8.1760e-03,5.84
8.1840e-03,1.76,0.044,734,,8.1840e-03,1.76
8.1920e-03,0.72,0.044,734,,8.1920e-03,0.72
8.2000e-03,0.4,0.044,734,,8.2000e-03,0.4
8.2080e-03,0.24,0.046,730,,8.2080e-03,0.24
8.2160e-03,0.16,0.046,734,,8.2160e-03,0.16
8.2240e-03,0.16,0.046,730,,8.2240e-03,0.16
8.2320e-03,0.08,0.046,734,,8.2320e-03,0.08
8.2400e-03,0.08,0.046,734,,8.2400e-03,0.08
8.2480e-03,0.08,0.046,730,,8.2480e-03,0.08
8.2560e-03,0.08,0.046,730,,8.2560e-03,0.08
8.2640e-03,0.08,0.046,730,,8.2640e-03,0.08
8.2720e-03,0.08,0.046,730,,8.2720e-03,0.08
8.2800e-03,0,0.046,730,,8.2800e-03,0
8.2880e-03,0,0.046,730,,8.2880e-03,0
8.2960e-03,0,0.046,730,,8.2960e-03,0
8.3040e-03,0,0.046,730,,8.3040e-03,0
8.3120e-03,0,0.046,730,,8.3120e-03,0
8.3200e-03,-0.08,0.044,730,,8.3200e-03,-0.08
8.3280e-03,0,0.046,730,,8.3280e-03,0
8.3360e-03,0,0.046,730,,8.3360e-03,0
8.3440e-03,0,0.046,730,,8.3440e-03,0
8.3520e-03,0,0.046,730,,8.3520e-03,0
8.3600e-03,0,0.046,730,,8.3600e-03,0
8.3680e-03,0,0.048,730,,8.3680e-03,0
8.3760e-03,0,0.046,730,,8.3760e-03,0
8.3840e-03,0,0.048,730,,8.3840e-03,0
8.3920e-03,0,0.046,730,,8.3920e-03,0
8.4000e-03,0,0.046,730,,8.4000e-03,0
8.4080e-03,0,0.046,726,,8.4080e-03,0
8.4160e-03,0,0.046,730,,8.4160e-03,0
8.4240e-03,0,0.046,730,,8.4240e-03,0
8.4320e-03,0,0.048,730,,8.4320e-03,0
8.4400e-03,0,0.048,730,,8.4400e-03,0
8.4480e-03,0,0.046,730,,8.4480e-03,0
8.4560e-03,0,0.048,730,,8.4560e-03,0
8.4640e-03,0,0.046,730,,8.4640e-03,0
8.4720e-03,0,0.048,726,,8.4720e-03,0
8.4800e-03,0,0.048,726,,8.4800e-03,0
8.4880e-03,0,0.048,726,,8.4880e-03,0
8.4960e-03,0,0.048,730,,8.4960e-03,0
8.5040e-03,0,0.048,726,,8.5040e-03,0
8.5120e-03,0,0.048,726,,8.5120e-03,0
8.5200e-03,0,0.048,726,,8.5200e-03,0
8.5280e-03,-0.08,0.048,726,,8.5280e-03,-0.08
8.5360e-03,0,0.048,726,,8.5360e-03,0
8.5440e-03,-0.08,0.048,726,,8.5440e-03,-0.08
8.5520e-03,-0.08,0.048,726,,8.5520e-03,-0.08
8.5600e-03,0,0.048,726,,8.5600e-03,0
8.5680e-03,-0.08,0.048,726,,8.5680e-03,-0.08
8.5760e-03,0,0.048,722,,8.5760e-03,0
8.5840e-03,0,0.048,726,,8.5840e-03,0
8.5920e-03,0,0.048,726,,8.5920e-03,0
8.6000e-03,0,0.048,726,,8.6000e-03,0
8.6080e-03,-0.08,0.048,726,,8.6080e-03,-0.08
8.6160e-03,0,0.048,726,,8.6160e-03,0
8.6240e-03,0,0.048,726,,8.6240e-03,0
8.6320e-03,0,0.048,726,,8.6320e-03,0
8.6400e-03,-0.08,0.048,726,,8.6400e-03,-0.08
8.6480e-03,0,0.048,726,,8.6480e-03,0
8.6560e-03,0,0.048,726,,8.6560e-03,0
8.6640e-03,0,0.048,726,,8.6640e-03,0
8.6720e-03,0,0.048,726,,8.6720e-03,0
8.6800e-03,0,0.048,726,,8.6800e-03,0
8.6880e-03,0,0.048,722,,8.6880e-03,0
8.6960e-03,0,0.048,722,,8.6960e-03,0
8.7040e-03,0,0.048,726,,8.7040e-03,0
8.7120e-03,0,0.048,726,,8.7120e-03,0
8.7200e-03,0,0.048,726,,8.7200e-03,0
8.7280e-03,0.16,0.048,726,,8.7280e-03,0.16
8.7360e-03,1.92,0.048,726,,8.7360e-03,1.92
8.7440e-03,2.8,0.048,726,,8.7440e-03,2.8
8.7520e-03,1.36,0.048,726,,8.7520e-03,1.36
8.7600e-03,0.72,0.048,726,,8.7600e-03,0.72
8.7680e-03,0.48,0.048,726,,8.7680e-03,0.48
8.7760e-03,0.24,0.046,726,,8.7760e-03,0.24
8.7840e-03,0.16,0.048,726,,8.7840e-03,0.16
8.7920e-03,0.08,0.048,726,,8.7920e-03,0.08
8.8000e-03,0.08,0.048,726,,8.8000e-03,0.08
8.8080e-03,0.08,0.048,726,,8.8080e-03,0.08
8.8160e-03,0.08,0.048,726,,8.8160e-03,0.08
8.8240e-03,0.08,0.048,726,,8.8240e-03,0.08
8.8320e-03,0.08,0.048,722,,8.8320e-03,0.08
8.8400e-03,0.08,0.048,726,,8.8400e-03,0.08
8.8480e-03,0.08,0.048,722,,8.8480e-03,0.08
8.8560e-03,0.08,0.048,722,,8.8560e-03,0.08
8.8640e-03,0.08,0.048,722,,8.8640e-03,0.08
8.8720e-03,0,0.048,726,,8.8720e-03,0
8.8800e-03,0.08,0.048,722,,8.8800e-03,0.08
8.8880e-03,0.08,0.048,726,,8.8880e-03,0.08
8.8960e-03,0.08,0.048,726,,8.8960e-03,0.08
8.9040e-03,0.08,0.048,722,,8.9040e-03,0.08
8.9120e-03,0.08,0.048,726,,8.9120e-03,0.08
8.9200e-03,0.08,0.046,722,,8.9200e-03,0.08
8.9280e-03,0.08,0.048,722,,8.9280e-03,0.08
8.9360e-03,0.08,0.048,726,,8.9360e-03,0.08
8.9440e-03,0.08,0.048,722,,8.9440e-03,0.08
8.9520e-03,0.08,0.048,722,,8.9520e-03,0.08
8.9600e-03,0.16,0.048,726,,8.9600e-03,0.16
8.9680e-03,0.4,0.048,722,,8.9680e-03,0.4
8.9760e-03,0.64,0.046,726,,8.9760e-03,0.64
8.9840e-03,2,0.048,726,,8.9840e-03,2
8.9920e-03,2.56,0.046,726,,8.9920e-03,2.56
9.0000e-03,0.56,0.048,726,,9.0000e-03,0.56
9.0080e-03,0.08,0.046,726,,9.0080e-03,0.08
9.0160e-03,-0.08,0.046,726,,9.0160e-03,-0.08
9.0240e-03,0,0.046,726,,9.0240e-03,0
9.0320e-03,0,0.048,726,,9.0320e-03,0
9.0400e-03,-0.08,0.046,726,,9.0400e-03,-0.08
9.0480e-03,0,0.046,726,,9.0480e-03,0
9.0560e-03,-0.08,0.046,722,,9.0560e-03,-0.08
9.0640e-03,0,0.048,726,,9.0640e-03,0
9.0720e-03,0,0.046,726,,9.0720e-03,0
9.0800e-03,-0.08,0.046,726,,9.0800e-03,-0.08
9.0880e-03,0,0.046,726,,9.0880e-03,0
9.0960e-03,0,0.046,726,,9.0960e-03,0
9.1040e-03,0,0.046,730,,9.1040e-03,0
9.1120e-03,0,0.046,726,,9.1120e-03,0
9.1200e-03,0,0.046,726,,9.1200e-03,0
9.1280e-03,0,0.046,730,,9.1280e-03,0
9.1360e-03,0,0.046,726,,9.1360e-03,0
9.1440e-03,0,0.046,730,,9.1440e-03,0
9.1520e-03,0,0.046,726,,9.1520e-03,0
9.1600e-03,-0.08,0.046,730,,9.1600e-03,-0.08
9.1680e-03,0,0.046,730,,9.1680e-03,0
9.1760e-03,0,0.046,726,,9.1760e-03,0
9.1840e-03,0,0.046,730,,9.1840e-03,0
9.1920e-03,-0.08,0.046,730,,9.1920e-03,-0.08
9.2000e-03,0,0.046,730,,9.2000e-03,0
9.2080e-03,0,0.046,730,,9.2080e-03,0
9.2160e-03,-0.08,0.046,730,,9.2160e-03,-0.08
9.2240e-03,0,0.046,730,,9.2240e-03,0
9.2320e-03,-0.08,0.046,730,,9.2320e-03,-0.08
9.2400e-03,0,0.046,730,,9.2400e-03,0
9.2480e-03,0,0.046,730,,9.2480e-03,0
9.2560e-03,0,0.046,730,,9.2560e-03,0
9.2640e-03,0,0.046,730,,9.2640e-03,0
9.2720e-03,0,0.046,730,,9.2720e-03,0
9.2800e-03,0,0.046,730,,9.2800e-03,0
9.2880e-03,0,0.046,726,,9.2880e-03,0
9.2960e-03,-0.08,0.046,730,,9.2960e-03,-0.08
9.3040e-03,-0.08,0.046,730,,9.3040e-03,-0.08
9.3120e-03,0,0.044,730,,9.3120e-03,0
9.3200e-03,0,0.046,730,,9.3200e-03,0
9.3280e-03,0,0.044,730,,9.3280e-03,0
9.3360e-03,0,0.046,730,,9.3360e-03,0
9.3440e-03,0,0.046,730,,9.3440e-03,0
9.3520e-03,0,0.046,730,,9.3520e-03,0
9.3600e-03,0,0.046,730,,9.3600e-03,0
9.3680e-03,0,0.046,730,,9.3680e-03,0
9.3760e-03,0,0.046,734,,9.3760e-03,0
9.3840e-03,0,0.044,730,,9.3840e-03,0
9.3920e-03,0,0.044,730,,9.3920e-03,0
9.4000e-03,0,0.046,730,,9.4000e-03,0
9.4080e-03,0,0.044,730,,9.4080e-03,0
9.4160e-03,0,0.044,730,,9.4160e-03,0
9.4240e-03,0,0.044,730,,9.4240e-03,0
9.4320e-03,0,0.044,730,,9.4320e-03,0
9.4400e-03,0,0.044,730,,9.4400e-03,0
9.4480e-03,0,0.044,734,,9.4480e-03,0
9.4560e-03,0,0.044,734,,9.4560e-03,0
9.4640e-03,0.08,0.044,730,,9.4640e-03,0.08
9.4720e-03,0,0.044,734,,9.4720e-03,0
9.4800e-03,0.08,0.044,730,,9.4800e-03,0.08
9.4880e-03,0.08,0.044,730,,9.4880e-03,0.08
9.4960e-03,0.08,0.044,734,,9.4960e-03,0.08
9.5040e-03,0.08,0.044,734,,9.5040e-03,0.08
9.5120e-03,0.08,0.044,734,,9.5120e-03,0.08
9.5200e-03,0.08,0.044,734,,9.5200e-03,0.08
9.5280e-03,0.16,0.044,734,,9.5280e-03,0.16
9.5360e-03,0.16,0.044,734,,9.5360e-03,0.16
9.5440e-03,0.24,0.044,730,,9.5440e-03,0.24
9.5520e-03,0.24,0.042,734,,9.5520e-03,0.24
9.5600e-03,0.4,0.044,730,,9.5600e-03,0.4
9.5680e-03,0.88,0.044,734,,9.5680e-03,0.88
9.5760e-03,2.24,0.042,734,,9.5760e-03,2.24
9.5840e-03,16.32,0.042,734,,9.5840e-03,16.32
9.5920e-03,11.04,0.042,734,,9.5920e-03,11.04
9.6000e-03,2.32,0.042,734,,9.6000e-03,2.32
9.6080e-03,0.48,0.042,734,,9.6080e-03,0.48
9.6160e-03,0.08,0.04,734,,9.6160e-03,0.08
9.6240e-03,0,0.042,734,,9.6240e-03,0
9.6320e-03,0,0.042,734,,9.6320e-03,0
9.6400e-03,0,0.042,734,,9.6400e-03,0
9.6480e-03,0,0.042,734,,9.6480e-03,0
9.6560e-03,-0.08,0.042,734,,9.6560e-03,-0.08
9.6640e-03,0,0.042,734,,9.6640e-03,0
9.6720e-03,0,0.042,734,,9.6720e-03,0
9.6800e-03,-0.08,0.04,734,,9.6800e-03,-0.08
9.6880e-03,0,0.04,734,,9.6880e-03,0
9.6960e-03,-0.08,0.04,734,,9.6960e-03,-0.08
9.7040e-03,-0.08,0.04,734,,9.7040e-03,-0.08
9.7120e-03,0,0.04,738,,9.7120e-03,0
9.7200e-03,0,0.04,738,,9.7200e-03,0
9.7280e-03,-0.08,0.04,734,,9.7280e-03,-0.08
9.7360e-03,0,0.04,734,,9.7360e-03,0
9.7440e-03,0,0.04,738,,9.7440e-03,0
9.7520e-03,0,0.04,738,,9.7520e-03,0
9.7600e-03,0,0.04,738,,9.7600e-03,0
9.7680e-03,0,0.04,738,,9.7680e-03,0
9.7760e-03,0,0.04,738,,9.7760e-03,0
9.7840e-03,0,0.038,738,,9.7840e-03,0
9.7920e-03,0,0.038,734,,9.7920e-03,0
9.8000e-03,0,0.038,738,,9.8000e-03,0
9.8080e-03,0,0.038,738,,9.8080e-03,0
9.8160e-03,0,0.038,734,,9.8160e-03,0
9.8240e-03,0,0.038,738,,9.8240e-03,0
9.8320e-03,0,0.038,738,,9.8320e-03,0
9.8400e-03,0,0.038,738,,9.8400e-03,0
9.8480e-03,-0.08,0.038,738,,9.8480e-03,-0.08
9.8560e-03,0,0.038,738,,9.8560e-03,0
9.8640e-03,-0.08,0.036,738,,9.8640e-03,-0.08
9.8720e-03,0,0.036,738,,9.8720e-03,0
9.8800e-03,-0.08,0.036,738,,9.8800e-03,-0.08
9.8880e-03,0,0.036,738,,9.8880e-03,0
9.8960e-03,0,0.036,738,,9.8960e-03,0
9.9040e-03,0,0.036,734,,9.9040e-03,0
9.9120e-03,-0.08,0.034,738,,9.9120e-03,-0.08
9.9200e-03,0,0.034,738,,9.9200e-03,0
9.9280e-03,0,0.034,738,,9.9280e-03,0
9.9360e-03,0,0.032,738,,9.9360e-03,0
9.9440e-03,0,0.034,738,,9.9440e-03,0
9.9520e-03,0,0.032,738,,9.9520e-03,0
9.9600e-03,0,0.032,738,,9.9600e-03,0
9.9680e-03,0,0.032,738,,9.9680e-03,0
9.9760e-03,0,0.032,738,,9.9760e-03,0
9.9840e-03,0,0.032,738,,9.9840e-03,0
9.9920e-03,0,0.032,742,,9.9920e-03,0
1.0000e-02,0,0.032,742,,1.0000e-02,0
1.0008e-02,0,0.03,738,,1.0008e-02,0
1.0016e-02,0,0.03,742,,1.0016e-02,0
1.0024e-02,0,0.03,742,,1.0024e-02,0
1.0032e-02,0,0.03,742,,1.0032e-02,0
1.0040e-02,0,0.03,742,,1.0040e-02,0
1.0048e-02,0,0.03,742,,1.0048e-02,0
1.0056e-02,0,0.028,738,,1.0056e-02,0
1.0064e-02,0,0.028,738,,1.0064e-02,0
1.0072e-02,0,0.028,742,,1.0072e-02,0
1.0080e-02,0,0.028,738,,1.0080e-02,0
1.0088e-02,0.08,0.026,738,,1.0088e-02,0.08
1.0096e-02,0,0.026,742,,1.0096e-02,0
1.0104e-02,0.08,0.026,742,,1.0104e-02,0.08
1.0112e-02,0.08,0.024,742,,1.0112e-02,0.08
1.0120e-02,0.08,0.026,742,,1.0120e-02,0.08
1.0128e-02,0.08,0.024,742,,1.0128e-02,0.08
1.0136e-02,0.08,0.024,742,,1.0136e-02,0.08
1.0144e-02,0,0.024,742,,1.0144e-02,0
1.0152e-02,0.08,0.024,738,,1.0152e-02,0.08
1.0160e-02,0.16,0.022,742,,1.0160e-02,0.16
1.0168e-02,0.24,0.022,742,,1.0168e-02,0.24
1.0176e-02,0.4,0.022,742,,1.0176e-02,0.4
1.0184e-02,0.48,0.022,742,,1.0184e-02,0.48
1.0192e-02,1.6,0.02,742,,1.0192e-02,1.6
1.0200e-02,4.32,0.018,742,,1.0200e-02,4.32
1.0208e-02,2.24,0.02,742,,1.0208e-02,2.24
1.0216e-02,0.56,0.02,742,,1.0216e-02,0.56
1.0224e-02,0.16,0.018,742,,1.0224e-02,0.16
1.0232e-02,0,0.018,742,,1.0232e-02,0
1.0240e-02,0,0.018,742,,1.0240e-02,0
1.0248e-02,-0.08,0.018,746,,1.0248e-02,-0.08
1.0256e-02,0,0.016,742,,1.0256e-02,0
1.0264e-02,0,0.016,742,,1.0264e-02,0
1.0272e-02,0,0.016,746,,1.0272e-02,0
1.0280e-02,0,0.016,742,,1.0280e-02,0
1.0288e-02,0,0.014,742,,1.0288e-02,0
1.0296e-02,-0.08,0.014,742,,1.0296e-02,-0.08
1.0304e-02,0,0.014,746,,1.0304e-02,0
1.0312e-02,0,0.012,746,,1.0312e-02,0
1.0320e-02,0,0.012,746,,1.0320e-02,0
1.0328e-02,0,0.012,746,,1.0328e-02,0
1.0336e-02,0,0.012,746,,1.0336e-02,0
1.0344e-02,0,0.012,746,,1.0344e-02,0
1.0352e-02,0,0.01,746,,1.0352e-02,0
1.0360e-02,0,0.01,746,,1.0360e-02,0
1.0368e-02,0,0.01,746,,1.0368e-02,0
1.0376e-02,0,0.008,746,,1.0376e-02,0
1.0384e-02,0,0.008,746,,1.0384e-02,0
1.0392e-02,0,0.008,746,,1.0392e-02,0
1.0400e-02,0,0.006,746,,1.0400e-02,0
1.0408e-02,-0.08,0.006,746,,1.0408e-02,-0.08
1.0416e-02,0,0.006,746,,1.0416e-02,0
1.0424e-02,0,0.006,746,,1.0424e-02,0
1.0432e-02,0,0.004,746,,1.0432e-02,0
1.0440e-02,0,0.004,746,,1.0440e-02,0
1.0448e-02,0,0.004,742,,1.0448e-02,0
1.0456e-02,0,0.004,746,,1.0456e-02,0
1.0464e-02,-0.08,0.002,746,,1.0464e-02,-0.08
1.0472e-02,-0.08,0.002,742,,1.0472e-02,-0.08
1.0480e-02,0,0.004,746,,1.0480e-02,0
1.0488e-02,0,-4.76837e-09,742,,1.0488e-02,0
1.0496e-02,0,0.002,746,,1.0496e-02,0
1.0504e-02,0,0.002,746,,1.0504e-02,0
1.0512e-02,0,0.002,746,,1.0512e-02,0
1.0520e-02,0,0.002,746,,1.0520e-02,0
1.0528e-02,0,0.002,746,,1.0528e-02,0
1.0536e-02,0,-4.76837e-09,750,,1.0536e-02,0
1.0544e-02,0,0.002,746,,1.0544e-02,0
1.0552e-02,0,0.002,750,,1.0552e-02,0
1.0560e-02,0,-4.76837e-09,746,,1.0560e-02,0
1.0568e-02,0,-4.76837e-09,750,,1.0568e-02,0
1.0576e-02,0,0.002,750,,1.0576e-02,0
1.0584e-02,0,0.002,750,,1.0584e-02,0
1.0592e-02,0,-4.76837e-09,746,,1.0592e-02,0
1.0600e-02,-0.08,0.002,750,,1.0600e-02,-0.08
1.0608e-02,-0.08,0.002,750,,1.0608e-02,-0.08
1.0616e-02,0,0.002,750,,1.0616e-02,0
1.0624e-02,0,0.002,750,,1.0624e-02,0
1.0632e-02,0,0.002,750,,1.0632e-02,0
1.0640e-02,0,0.002,750,,1.0640e-02,0
1.0648e-02,0,0.004,750,,1.0648e-02,0
1.0656e-02,0,0.002,750,,1.0656e-02,0
1.0664e-02,0,0.004,750,,1.0664e-02,0
1.0672e-02,-0.08,0.004,750,,1.0672e-02,-0.08
1.0680e-02,0,0.004,750,,1.0680e-02,0
1.0688e-02,0.08,0.004,750,,1.0688e-02,0.08
1.0696e-02,0,0.004,746,,1.0696e-02,0
1.0704e-02,0.08,0.004,750,,1.0704e-02,0.08
1.0712e-02,0.08,0.006,750,,1.0712e-02,0.08
1.0720e-02,0.08,0.008,750,,1.0720e-02,0.08
1.0728e-02,0.08,0.008,750,,1.0728e-02,0.08
1.0736e-02,0.08,0.008,750,,1.0736e-02,0.08
1.0744e-02,0.08,0.008,750,,1.0744e-02,0.08
1.0752e-02,0.08,0.01,750,,1.0752e-02,0.08
1.0760e-02,0.08,0.01,750,,1.0760e-02,0.08
1.0768e-02,0.16,0.01,750,,1.0768e-02,0.16
1.0776e-02,0.24,0.01,750,,1.0776e-02,0.24
1.0784e-02,0.32,0.012,750,,1.0784e-02,0.32
1.0792e-02,0.56,0.012,750,,1.0792e-02,0.56
1.0800e-02,1.2,0.012,750,,1.0800e-02,1.2
1.0808e-02,4.88,0.014,750,,1.0808e-02,4.88
1.0816e-02,8.4,0.014,750,,1.0816e-02,8.4
1.0824e-02,2.56,0.014,750,,1.0824e-02,2.56
1.0832e-02,0.48,0.016,754,,1.0832e-02,0.48
1.0840e-02,0.08,0.016,750,,1.0840e-02,0.08
1.0848e-02,0,0.016,754,,1.0848e-02,0
1.0856e-02,0,0.018,750,,1.0856e-02,0
1.0864e-02,0,0.018,750,,1.0864e-02,0
1.0872e-02,0,0.018,754,,1.0872e-02,0
1.0880e-02,0,0.018,754,,1.0880e-02,0
1.0888e-02,0,0.02,754,,1.0888e-02,0
1.0896e-02,0,0.022,754,,1.0896e-02,0
1.0904e-02,0,0.02,754,,1.0904e-02,0
1.0912e-02,0,0.022,754,,1.0912e-02,0
1.0920e-02,0,0.022,754,,1.0920e-02,0
1.0928e-02,0,0.022,754,,1.0928e-02,0
1.0936e-02,0,0.024,754,,1.0936e-02,0
1.0944e-02,0,0.024,754,,1.0944e-02,0
1.0952e-02,0,0.024,754,,1.0952e-02,0
1.0960e-02,-0.08,0.024,754,,1.0960e-02,-0.08
1.0968e-02,0,0.026,754,,1.0968e-02,0
1.0976e-02,0,0.026,754,,1.0976e-02,0
1.0984e-02,-0.08,0.026,754,,1.0984e-02,-0.08
1.0992e-02,-0.08,0.026,754,,1.0992e-02,-0.08
1.1000e-02,0,0.028,754,,1.1000e-02,0
1.1008e-02,-0.08,0.028,754,,1.1008e-02,-0.08
1.1016e-02,0,0.028,754,,1.1016e-02,0
1.1024e-02,0,0.028,754,,1.1024e-02,0
1.1032e-02,-0.08,0.03,754,,1.1032e-02,-0.08
1.1040e-02,0,0.03,754,,1.1040e-02,0
1.1048e-02,-0.08,0.03,754,,1.1048e-02,-0.08
1.1056e-02,0,0.03,754,,1.1056e-02,0
1.1064e-02,0,0.032,754,,1.1064e-02,0
1.1072e-02,0,0.03,754,,1.1072e-02,0
1.1080e-02,0,0.032,754,,1.1080e-02,0
1.1088e-02,-0.08,0.032,754,,1.1088e-02,-0.08
1.1096e-02,0,0.034,754,,1.1096e-02,0
1.1104e-02,0,0.032,754,,1.1104e-02,0
1.1112e-02,0,0.034,754,,1.1112e-02,0
1.1120e-02,0,0.034,754,,1.1120e-02,0
1.1128e-02,0,0.034,754,,1.1128e-02,0
1.1136e-02,0,0.034,754,,1.1136e-02,0
1.1144e-02,0,0.034,754,,1.1144e-02,0
1.1152e-02,0,0.034,754,,1.1152e-02,0
1.1160e-02,0,0.036,758,,1.1160e-02,0
1.1168e-02,-0.08,0.036,754,,1.1168e-02,-0.08
1.1176e-02,-0.08,0.036,758,,1.1176e-02,-0.08
1.1184e-02,0,0.036,758,,1.1184e-02,0
1.1192e-02,0,0.036,754,,1.1192e-02,0
1.1200e-02,0,0.036,758,,1.1200e-02,0
1.1208e-02,0,0.036,754,,1.1208e-02,0
1.1216e-02,0,0.036,758,,1.1216e-02,0
1.1224e-02,0,0.036,758,,1.1224e-02,0
1.1232e-02,0,0.038,758,,1.1232e-02,0
1.1240e-02,0,0.038,758,,1.1240e-02,0
1.1248e-02,0,0.038,758,,1.1248e-02,0
1.1256e-02,0,0.038,758,,1.1256e-02,0
1.1264e-02,0,0.038,758,,1.1264e-02,0
1.1272e-02,0,0.038,758,,1.1272e-02,0
1.1280e-02,0,0.038,758,,1.1280e-02,0
1.1288e-02,0,0.038,758,,1.1288e-02,0
1.1296e-02,0,0.038,758,,1.1296e-02,0
1.1304e-02,0.08,0.038,758,,1.1304e-02,0.08
1.1312e-02,0.08,0.038,758,,1.1312e-02,0.08
1.1320e-02,0.08,0.038,758,,1.1320e-02,0.08
1.1328e-02,0.08,0.038,758,,1.1328e-02,0.08
1.1336e-02,0.08,0.038,758,,1.1336e-02,0.08
1.1344e-02,0.08,0.038,758,,1.1344e-02,0.08
1.1352e-02,0.08,0.038,758,,1.1352e-02,0.08
1.1360e-02,0.08,0.038,758,,1.1360e-02,0.08
1.1368e-02,0.08,0.038,758,,1.1368e-02,0.08
1.1376e-02,0.16,0.038,758,,1.1376e-02,0.16
1.1384e-02,0.16,0.038,758,,1.1384e-02,0.16
1.1392e-02,0.32,0.038,758,,1.1392e-02,0.32
1.1400e-02,0.48,0.038,758,,1.1400e-02,0.48
1.1408e-02,0.72,0.038,758,,1.1408e-02,0.72
1.1416e-02,1.76,0.038,758,,1.1416e-02,1.76
1.1424e-02,2.88,0.038,758,,1.1424e-02,2.88
1.1432e-02,1.44,0.038,758,,1.1432e-02,1.44
1.1440e-02,0.32,0.038,762,,1.1440e-02,0.32
1.1448e-02,0.08,0.038,758,,1.1448e-02,0.08
1.1456e-02,0,0.038,762,,1.1456e-02,0
1.1464e-02,0,0.038,762,,1.1464e-02,0
1.1472e-02,0,0.038,762,,1.1472e-02,0
1.1480e-02,0,0.038,758,,1.1480e-02,0
1.1488e-02,0,0.038,762,,1.1488e-02,0
1.1496e-02,0,0.036,758,,1.1496e-02,0
1.1504e-02,0,0.036,762,,1.1504e-02,0
1.1512e-02,-0.08,0.036,762,,1.1512e-02,-0.08
1.1520e-02,0,0.036,762,,1.1520e-02,0
1.1528e-02,0,0.036,762,,1.1528e-02,0
1.1536e-02,0,0.036,762,,1.1536e-02,0
1.1544e-02,0,0.036,762,,1.1544e-02,0
1.1552e-02,0,0.036,762,,1.1552e-02,0
1.1560e-02,0,0.036,762,,1.1560e-02,0
1.1568e-02,0,0.034,762,,1.1568e-02,0
1.1576e-02,0,0.034,762,,1.1576e-02,0
1.1584e-02,-0.08,0.034,762,,1.1584e-02,-0.08
1.1592e-02,-0.08,0.032,762,,1.1592e-02,-0.08
1.1600e-02,0,0.034,762,,1.1600e-02,0
1.1608e-02,-0.08,0.032,762,,1.1608e-02,-0.08
1.1616e-02,0,0.032,762,,1.1616e-02,0
1.1624e-02,-0.08,0.032,762,,1.1624e-02,-0.08
1.1632e-02,0,0.032,762,,1.1632e-02,0
1.1640e-02,0,0.032,762,,1.1640e-02,0
1.1648e-02,-0.08,0.03,762,,1.1648e-02,-0.08
1.1656e-02,0,0.03,762,,1.1656e-02,0
1.1664e-02,0,0.028,762,,1.1664e-02,0
1.1672e-02,0,0.028,762,,1.1672e-02,0
1.1680e-02,0,0.028,762,,1.1680e-02,0
1.1688e-02,0,0.026,762,,1.1688e-02,0
1.1696e-02,-0.08,0.026,762,,1.1696e-02,-0.08
1.1704e-02,0,0.026,762,,1.1704e-02,0
1.1712e-02,0,0.024,762,,1.1712e-02,0
1.1720e-02,0,0.024,762,,1.1720e-02,0
1.1728e-02,0,0.024,762,,1.1728e-02,0
1.1736e-02,-0.08,0.022,762,,1.1736e-02,-0.08
1.1744e-02,-0.08,0.022,762,,1.1744e-02,-0.08
1.1752e-02,0,0.02,766,,1.1752e-02,0
1.1760e-02,0,0.02,762,,1.1760e-02,0
1.1768e-02,0,0.018,762,,1.1768e-02,0
1.1776e-02,-0.08,0.018,766,,1.1776e-02,-0.08
1.1784e-02,0,0.016,762,,1.1784e-02,0
1.1792e-02,0,0.016,766,,1.1792e-02,0
1.1800e-02,0,0.014,766,,1.1800e-02,0
1.1808e-02,-0.08,0.012,766,,1.1808e-02,-0.08
1.1816e-02,0,0.012,766,,1.1816e-02,0
1.1824e-02,0,0.008,766,,1.1824e-02,0
1.1832e-02,-0.08,0.008,766,,1.1832e-02,-0.08
1.1840e-02,0,0.008,766,,1.1840e-02,0
1.1848e-02,-0.08,0.006,766,,1.1848e-02,-0.08
1.1856e-02,0,0.004,766,,1.1856e-02,0
1.1864e-02,0,0.002,766,,1.1864e-02,0
1.1872e-02,0,-4.76837e-09,766,,1.1872e-02,0
1.1880e-02,-0.08,-0.002,766,,1.1880e-02,-0.08
1.1888e-02,0,-0.006,766,,1.1888e-02,0
1.1896e-02,0,-0.008,766,,1.1896e-02,0
1.1904e-02,0,-0.01,766,,1.1904e-02,0
1.1912e-02,0,-0.014,766,,1.1912e-02,0
1.1920e-02,0,-0.018,766,,1.1920e-02,0
1.1928e-02,0,-0.022,766,,1.1928e-02,0
1.1936e-02,0.08,-0.026,766,,1.1936e-02,0.08
1.1944e-02,0.08,-0.028,766,,1.1944e-02,0.08
1.1952e-02,0.08,-0.034,766,,1.1952e-02,0.08
1.1960e-02,0.08,-0.04,766,,1.1960e-02,0.08
1.1968e-02,0.16,-0.046,766,,1.1968e-02,0.16
1.1976e-02,0.24,-0.054,766,,1.1976e-02,0.24
1.1984e-02,0.24,-0.062,766,,1.1984e-02,0.24
1.1992e-02,0.4,-0.072,766,,1.1992e-02,0.4
1.2000e-02,0.72,-0.082,770,,1.2000e-02,0.72
1.2008e-02,1.52,-0.092,766,,1.2008e-02,1.52
1.2016e-02,9.04,-0.102,766,,1.2016e-02,9.04
1.2024e-02,17.44,-0.112,766,,1.2024e-02,17.44
1.2032e-02,3.84,-0.122,766,,1.2032e-02,3.84
1.2040e-02,0.72,-0.132,766,,1.2040e-02,0.72
1.2048e-02,0.16,-0.14,766,,1.2048e-02,0.16
1.2056e-02,0.08,-0.148,770,,1.2056e-02,0.08
1.2064e-02,0,-0.156,766,,1.2064e-02,0
1.2072e-02,-0.08,-0.164,766,,1.2072e-02,-0.08
1.2080e-02,0,-0.172,770,,1.2080e-02,0
1.2088e-02,0,-0.178,770,,1.2088e-02,0
1.2096e-02,0,-0.182,770,,1.2096e-02,0
1.2104e-02,0,-0.188,770,,1.2104e-02,0
1.2112e-02,0,-0.192,770,,1.2112e-02,0
1.2120e-02,0,-0.198,766,,1.2120e-02,0
1.2128e-02,0,-0.202,770,,1.2128e-02,0
1.2136e-02,-0.08,-0.208,766,,1.2136e-02,-0.08
1.2144e-02,0,-0.212,770,,1.2144e-02,0
1.2152e-02,0,-0.216,770,,1.2152e-02,0
1.2160e-02,-0.08,-0.22,770,,1.2160e-02,-0.08
1.2168e-02,0,-0.222,770,,1.2168e-02,0
1.2176e-02,-0.08,-0.226,770,,1.2176e-02,-0.08
1.2184e-02,0,-0.23,770,,1.2184e-02,0
1.2192e-02,-0.08,-0.232,770,,1.2192e-02,-0.08
1.2200e-02,-0.08,-0.232,770,,1.2200e-02,-0.08
1.2208e-02,0,-0.234,770,,1.2208e-02,0
1.2216e-02,0,-0.238,770,,1.2216e-02,0
1.2224e-02,0,-0.24,770,,1.2224e-02,0
1.2232e-02,-0.08,-0.242,770,,1.2232e-02,-0.08
1.2240e-02,0,-0.242,770,,1.2240e-02,0
1.2248e-02,0,-0.242,770,,1.2248e-02,0
1.2256e-02,0,-0.242,770,,1.2256e-02,0
1.2264e-02,0,-0.244,770,,1.2264e-02,0
1.2272e-02,0,-0.246,770,,1.2272e-02,0
1.2280e-02,-0.08,-0.248,770,,1.2280e-02,-0.08
1.2288e-02,0,-0.25,770,,1.2288e-02,0
1.2296e-02,0,-0.25,770,,1.2296e-02,0
1.2304e-02,0,-0.252,770,,1.2304e-02,0
1.2312e-02,-0.08,-0.25,770,,1.2312e-02,-0.08
1.2320e-02,0,-0.25,770,,1.2320e-02,0
1.2328e-02,0,-0.25,770,,1.2328e-02,0
1.2336e-02,0,-0.25,774,,1.2336e-02,0
1.2344e-02,0,-0.25,774,,1.2344e-02,0
1.2352e-02,-0.08,-0.248,774,,1.2352e-02,-0.08
1.2360e-02,0,-0.246,770,,1.2360e-02,0
1.2368e-02,0,-0.244,774,,1.2368e-02,0
1.2376e-02,0,-0.242,774,,1.2376e-02,0
1.2384e-02,-0.08,-0.242,770,,1.2384e-02,-0.08
1.2392e-02,0,-0.24,774,,1.2392e-02,0
1.2400e-02,0,-0.238,774,,1.2400e-02,0
1.2408e-02,0,-0.234,774,,1.2408e-02,0
1.2416e-02,0,-0.232,774,,1.2416e-02,0
1.2424e-02,0,-0.23,774,,1.2424e-02,0
1.2432e-02,0,-0.228,774,,1.2432e-02,0
1.2440e-02,-0.08,-0.226,774,,1.2440e-02,-0.08
1.2448e-02,0,-0.22,774,,1.2448e-02,0
1.2456e-02,0,-0.218,774,,1.2456e-02,0
1.2464e-02,0,-0.212,774,,1.2464e-02,0
1.2472e-02,0,-0.208,774,,1.2472e-02,0
1.2480e-02,-0.08,-0.206,774,,1.2480e-02,-0.08
1.2488e-02,0,-0.2,774,,1.2488e-02,0
1.2496e-02,0,-0.196,774,,1.2496e-02,0
1.2504e-02,0,-0.192,774,,1.2504e-02,0
1.2512e-02,0.08,-0.186,774,,1.2512e-02,0.08

